Trial,Time_Bin,Col_ID,Workers,Presence,Col_Size
Discovery,1,A,0,0,54
Discovery,2,A,0,0,54
Discovery,3,A,0,0,54
Discovery,4,A,0,0,54
Discovery,5,A,0,0,54
Discovery,6,A,0,0,54
Discovery,7,A,1,1,54
Discovery,8,A,1,1,54
Discovery,9,A,1,1,54
Discovery,10,A,1,1,54
Discovery,11,A,1,1,54
Discovery,12,A,1,1,54
Discovery,13,A,1,1,54
Discovery,14,A,1,1,54
Discovery,15,A,1,1,54
Discovery,16,A,1,1,54
Discovery,17,A,0,0,54
Discovery,18,A,0,0,54
Discovery,19,A,0,0,54
Discovery,20,A,0,0,54
Discovery,21,A,2,1,54
Discovery,22,A,1,1,54
Discovery,23,A,1,1,54
Discovery,24,A,0,0,54
Discovery,25,A,1,1,54
Discovery,26,A,0,0,54
Discovery,27,A,2,1,54
Discovery,28,A,2,1,54
Discovery,29,A,1,1,54
Discovery,30,A,2,1,54
Discovery,31,A,4,1,54
Discovery,32,A,3,1,54
Discovery,33,A,2,1,54
Discovery,34,A,5,1,54
Discovery,35,A,6,1,54
Discovery,36,A,2,1,54
Discovery,37,A,4,1,54
Discovery,38,A,4,1,54
Discovery,39,A,7,1,54
Discovery,40,A,8,1,54
Discovery,41,A,4,1,54
Discovery,42,A,3,1,54
Discovery,43,A,6,1,54
Discovery,44,A,6,1,54
Discovery,45,A,6,1,54
Discovery,46,A,7,1,54
Discovery,47,A,9,1,54
Discovery,48,A,9,1,54
Discovery,49,A,9,1,54
Discovery,50,A,8,1,54
Discovery,51,A,7,1,54
Discovery,52,A,6,1,54
Discovery,53,A,7,1,54
Discovery,54,A,9,1,54
Discovery,55,A,8,1,54
Discovery,56,A,8,1,54
Discovery,57,A,8,1,54
Discovery,58,A,6,1,54
Discovery,59,A,5,1,54
Discovery,60,A,5,1,54
Discovery,1,C,1,1,23
Discovery,2,C,1,1,23
Discovery,3,C,0,0,23
Discovery,4,C,0,0,23
Discovery,5,C,0,0,23
Discovery,6,C,0,0,23
Discovery,7,C,0,0,23
Discovery,8,C,1,1,23
Discovery,9,C,1,1,23
Discovery,10,C,0,0,23
Discovery,11,C,2,1,23
Discovery,12,C,1,1,23
Discovery,13,C,0,0,23
Discovery,14,C,2,1,23
Discovery,15,C,2,1,23
Discovery,16,C,0,0,23
Discovery,17,C,1,1,23
Discovery,18,C,1,1,23
Discovery,19,C,1,1,23
Discovery,20,C,3,1,23
Discovery,21,C,2,1,23
Discovery,22,C,1,1,23
Discovery,23,C,4,1,23
Discovery,24,C,1,1,23
Discovery,25,C,1,1,23
Discovery,26,C,5,1,23
Discovery,27,C,3,1,23
Discovery,28,C,3,1,23
Discovery,29,C,1,1,23
Discovery,30,C,2,1,23
Discovery,31,C,2,1,23
Discovery,32,C,2,1,23
Discovery,33,C,3,1,23
Discovery,34,C,0,0,23
Discovery,35,C,1,1,23
Discovery,36,C,3,1,23
Discovery,37,C,5,1,23
Discovery,38,C,4,1,23
Discovery,39,C,1,1,23
Discovery,40,C,2,1,23
Discovery,41,C,3,1,23
Discovery,42,C,1,1,23
Discovery,43,C,1,1,23
Discovery,44,C,1,1,23
Discovery,45,C,2,1,23
Discovery,46,C,3,1,23
Discovery,47,C,0,0,23
Discovery,48,C,0,0,23
Discovery,49,C,1,1,23
Discovery,50,C,2,1,23
Discovery,51,C,1,1,23
Discovery,52,C,1,1,23
Discovery,53,C,2,1,23
Discovery,54,C,2,1,23
Discovery,55,C,0,0,23
Discovery,56,C,0,0,23
Discovery,57,C,0,0,23
Discovery,58,C,1,1,23
Discovery,59,C,1,1,23
Discovery,60,C,1,1,23
Discovery,1,E,0,0,48
Discovery,2,E,0,0,48
Discovery,3,E,0,0,48
Discovery,4,E,0,0,48
Discovery,5,E,0,0,48
Discovery,6,E,0,0,48
Discovery,7,E,0,0,48
Discovery,8,E,0,0,48
Discovery,9,E,1,1,48
Discovery,10,E,1,1,48
Discovery,11,E,1,1,48
Discovery,12,E,1,1,48
Discovery,13,E,0,0,48
Discovery,14,E,0,0,48
Discovery,15,E,1,1,48
Discovery,16,E,0,0,48
Discovery,17,E,0,0,48
Discovery,18,E,1,1,48
Discovery,19,E,0,0,48
Discovery,20,E,1,1,48
Discovery,21,E,1,1,48
Discovery,22,E,0,0,48
Discovery,23,E,1,1,48
Discovery,24,E,0,0,48
Discovery,25,E,0,0,48
Discovery,26,E,1,1,48
Discovery,27,E,0,0,48
Discovery,28,E,0,0,48
Discovery,29,E,1,1,48
Discovery,30,E,1,1,48
Discovery,31,E,0,0,48
Discovery,32,E,1,1,48
Discovery,33,E,0,0,48
Discovery,34,E,0,0,48
Discovery,35,E,1,1,48
Discovery,36,E,0,0,48
Discovery,37,E,0,0,48
Discovery,38,E,1,1,48
Discovery,39,E,1,1,48
Discovery,40,E,0,0,48
Discovery,41,E,0,0,48
Discovery,42,E,2,1,48
Discovery,43,E,1,1,48
Discovery,44,E,1,1,48
Discovery,45,E,1,1,48
Discovery,46,E,0,0,48
Discovery,47,E,0,0,48
Discovery,48,E,1,1,48
Discovery,49,E,1,1,48
Discovery,50,E,0,0,48
Discovery,51,E,1,1,48
Discovery,52,E,1,1,48
Discovery,53,E,1,1,48
Discovery,54,E,1,1,48
Discovery,55,E,1,1,48
Discovery,56,E,0,0,48
Discovery,57,E,2,1,48
Discovery,58,E,2,1,48
Discovery,59,E,1,1,48
Discovery,60,E,1,1,48
Discovery,1,G,0,0,19
Discovery,2,G,0,0,19
Discovery,3,G,0,0,19
Discovery,4,G,0,0,19
Discovery,5,G,1,1,19
Discovery,6,G,1,1,19
Discovery,7,G,1,1,19
Discovery,8,G,2,1,19
Discovery,9,G,1,1,19
Discovery,10,G,1,1,19
Discovery,11,G,0,0,19
Discovery,12,G,0,0,19
Discovery,13,G,0,0,19
Discovery,14,G,1,1,19
Discovery,15,G,2,1,19
Discovery,16,G,1,1,19
Discovery,17,G,1,1,19
Discovery,18,G,0,0,19
Discovery,19,G,2,1,19
Discovery,20,G,1,1,19
Discovery,21,G,1,1,19
Discovery,22,G,2,1,19
Discovery,23,G,1,1,19
Discovery,24,G,2,1,19
Discovery,25,G,1,1,19
Discovery,26,G,1,1,19
Discovery,27,G,4,1,19
Discovery,28,G,3,1,19
Discovery,29,G,4,1,19
Discovery,30,G,2,1,19
Discovery,31,G,1,1,19
Discovery,32,G,2,1,19
Discovery,33,G,1,1,19
Discovery,34,G,2,1,19
Discovery,35,G,2,1,19
Discovery,36,G,4,1,19
Discovery,37,G,2,1,19
Discovery,38,G,2,1,19
Discovery,39,G,1,1,19
Discovery,40,G,0,0,19
Discovery,41,G,3,1,19
Discovery,42,G,4,1,19
Discovery,43,G,1,1,19
Discovery,44,G,0,0,19
Discovery,45,G,1,1,19
Discovery,46,G,2,1,19
Discovery,47,G,2,1,19
Discovery,48,G,2,1,19
Discovery,49,G,1,1,19
Discovery,50,G,1,1,19
Discovery,51,G,1,1,19
Discovery,52,G,0,0,19
Discovery,53,G,0,0,19
Discovery,54,G,1,1,19
Discovery,55,G,1,1,19
Discovery,56,G,0,0,19
Discovery,57,G,1,1,19
Discovery,58,G,1,1,19
Discovery,59,G,1,1,19
Discovery,60,G,0,0,19
Discovery,1,I,0,0,34
Discovery,2,I,0,0,34
Discovery,3,I,0,0,34
Discovery,4,I,0,0,34
Discovery,5,I,0,0,34
Discovery,6,I,0,0,34
Discovery,7,I,0,0,34
Discovery,8,I,0,0,34
Discovery,9,I,0,0,34
Discovery,10,I,0,0,34
Discovery,11,I,0,0,34
Discovery,12,I,0,0,34
Discovery,13,I,0,0,34
Discovery,14,I,0,0,34
Discovery,15,I,0,0,34
Discovery,16,I,0,0,34
Discovery,17,I,0,0,34
Discovery,18,I,0,0,34
Discovery,19,I,0,0,34
Discovery,20,I,0,0,34
Discovery,21,I,0,0,34
Discovery,22,I,0,0,34
Discovery,23,I,0,0,34
Discovery,24,I,0,0,34
Discovery,25,I,0,0,34
Discovery,26,I,0,0,34
Discovery,27,I,0,0,34
Discovery,28,I,0,0,34
Discovery,29,I,0,0,34
Discovery,30,I,0,0,34
Discovery,31,I,0,0,34
Discovery,32,I,0,0,34
Discovery,33,I,0,0,34
Discovery,34,I,0,0,34
Discovery,35,I,0,0,34
Discovery,36,I,0,0,34
Discovery,37,I,0,0,34
Discovery,38,I,0,0,34
Discovery,39,I,0,0,34
Discovery,40,I,0,0,34
Discovery,41,I,0,0,34
Discovery,42,I,0,0,34
Discovery,43,I,0,0,34
Discovery,44,I,0,0,34
Discovery,45,I,0,0,34
Discovery,46,I,0,0,34
Discovery,47,I,0,0,34
Discovery,48,I,0,0,34
Discovery,49,I,0,0,34
Discovery,50,I,0,0,34
Discovery,51,I,0,0,34
Discovery,52,I,0,0,34
Discovery,53,I,0,0,34
Discovery,54,I,0,0,34
Discovery,55,I,0,0,34
Discovery,56,I,0,0,34
Discovery,57,I,0,0,34
Discovery,58,I,0,0,34
Discovery,59,I,0,0,34
Discovery,60,I,0,0,34
Discovery,1,K,0,0,37
Discovery,2,K,0,0,37
Discovery,3,K,0,0,37
Discovery,4,K,0,0,37
Discovery,5,K,0,0,37
Discovery,6,K,0,0,37
Discovery,7,K,0,0,37
Discovery,8,K,0,0,37
Discovery,9,K,0,0,37
Discovery,10,K,0,0,37
Discovery,11,K,0,0,37
Discovery,12,K,0,0,37
Discovery,13,K,0,0,37
Discovery,14,K,0,0,37
Discovery,15,K,0,0,37
Discovery,16,K,0,0,37
Discovery,17,K,0,0,37
Discovery,18,K,0,0,37
Discovery,19,K,0,0,37
Discovery,20,K,0,0,37
Discovery,21,K,0,0,37
Discovery,22,K,0,0,37
Discovery,23,K,0,0,37
Discovery,24,K,0,0,37
Discovery,25,K,0,0,37
Discovery,26,K,0,0,37
Discovery,27,K,0,0,37
Discovery,28,K,0,0,37
Discovery,29,K,0,0,37
Discovery,30,K,0,0,37
Discovery,31,K,0,0,37
Discovery,32,K,0,0,37
Discovery,33,K,0,0,37
Discovery,34,K,0,0,37
Discovery,35,K,0,0,37
Discovery,36,K,0,0,37
Discovery,37,K,0,0,37
Discovery,38,K,0,0,37
Discovery,39,K,0,0,37
Discovery,40,K,0,0,37
Discovery,41,K,0,0,37
Discovery,42,K,0,0,37
Discovery,43,K,0,0,37
Discovery,44,K,0,0,37
Discovery,45,K,0,0,37
Discovery,46,K,0,0,37
Discovery,47,K,0,0,37
Discovery,48,K,0,0,37
Discovery,49,K,0,0,37
Discovery,50,K,0,0,37
Discovery,51,K,0,0,37
Discovery,52,K,0,0,37
Discovery,53,K,0,0,37
Discovery,54,K,0,0,37
Discovery,55,K,0,0,37
Discovery,56,K,0,0,37
Discovery,57,K,0,0,37
Discovery,58,K,0,0,37
Discovery,59,K,0,0,37
Discovery,60,K,0,0,37
Discovery,1,M,0,0,43
Discovery,2,M,0,0,43
Discovery,3,M,0,0,43
Discovery,4,M,0,0,43
Discovery,5,M,0,0,43
Discovery,6,M,0,0,43
Discovery,7,M,0,0,43
Discovery,8,M,0,0,43
Discovery,9,M,0,0,43
Discovery,10,M,1,1,43
Discovery,11,M,1,1,43
Discovery,12,M,0,0,43
Discovery,13,M,0,0,43
Discovery,14,M,1,1,43
Discovery,15,M,1,1,43
Discovery,16,M,0,0,43
Discovery,17,M,0,0,43
Discovery,18,M,1,1,43
Discovery,19,M,1,1,43
Discovery,20,M,0,0,43
Discovery,21,M,0,0,43
Discovery,22,M,1,1,43
Discovery,23,M,0,0,43
Discovery,24,M,0,0,43
Discovery,25,M,1,1,43
Discovery,26,M,1,1,43
Discovery,27,M,0,0,43
Discovery,28,M,1,1,43
Discovery,29,M,1,1,43
Discovery,30,M,0,0,43
Discovery,31,M,0,0,43
Discovery,32,M,1,1,43
Discovery,33,M,0,0,43
Discovery,34,M,0,0,43
Discovery,35,M,1,1,43
Discovery,36,M,0,0,43
Discovery,37,M,0,0,43
Discovery,38,M,1,1,43
Discovery,39,M,1,1,43
Discovery,40,M,0,0,43
Discovery,41,M,1,1,43
Discovery,42,M,1,1,43
Discovery,43,M,0,0,43
Discovery,44,M,0,0,43
Discovery,45,M,1,1,43
Discovery,46,M,1,1,43
Discovery,47,M,0,0,43
Discovery,48,M,0,0,43
Discovery,49,M,1,1,43
Discovery,50,M,1,1,43
Discovery,51,M,0,0,43
Discovery,52,M,0,0,43
Discovery,53,M,1,1,43
Discovery,54,M,1,1,43
Discovery,55,M,0,0,43
Discovery,56,M,1,1,43
Discovery,57,M,1,1,43
Discovery,58,M,0,0,43
Discovery,59,M,0,0,43
Discovery,60,M,1,1,43
Discovery,1,O,0,0,62
Discovery,2,O,0,0,62
Discovery,3,O,0,0,62
Discovery,4,O,0,0,62
Discovery,5,O,0,0,62
Discovery,6,O,0,0,62
Discovery,7,O,0,0,62
Discovery,8,O,0,0,62
Discovery,9,O,0,0,62
Discovery,10,O,0,0,62
Discovery,11,O,0,0,62
Discovery,12,O,0,0,62
Discovery,13,O,0,0,62
Discovery,14,O,0,0,62
Discovery,15,O,0,0,62
Discovery,16,O,0,0,62
Discovery,17,O,0,0,62
Discovery,18,O,0,0,62
Discovery,19,O,0,0,62
Discovery,20,O,0,0,62
Discovery,21,O,0,0,62
Discovery,22,O,0,0,62
Discovery,23,O,0,0,62
Discovery,24,O,0,0,62
Discovery,25,O,0,0,62
Discovery,26,O,0,0,62
Discovery,27,O,0,0,62
Discovery,28,O,0,0,62
Discovery,29,O,0,0,62
Discovery,30,O,0,0,62
Discovery,31,O,0,0,62
Discovery,32,O,0,0,62
Discovery,33,O,0,0,62
Discovery,34,O,0,0,62
Discovery,35,O,0,0,62
Discovery,36,O,0,0,62
Discovery,37,O,0,0,62
Discovery,38,O,0,0,62
Discovery,39,O,0,0,62
Discovery,40,O,0,0,62
Discovery,41,O,0,0,62
Discovery,42,O,0,0,62
Discovery,43,O,0,0,62
Discovery,44,O,0,0,62
Discovery,45,O,0,0,62
Discovery,46,O,0,0,62
Discovery,47,O,0,0,62
Discovery,48,O,0,0,62
Discovery,49,O,0,0,62
Discovery,50,O,0,0,62
Discovery,51,O,0,0,62
Discovery,52,O,0,0,62
Discovery,53,O,0,0,62
Discovery,54,O,0,0,62
Discovery,55,O,0,0,62
Discovery,56,O,0,0,62
Discovery,57,O,0,0,62
Discovery,58,O,0,0,62
Discovery,59,O,0,0,62
Discovery,60,O,0,0,62
Discovery,1,Q,0,0,121
Discovery,2,Q,0,0,121
Discovery,3,Q,0,0,121
Discovery,4,Q,0,0,121
Discovery,5,Q,0,0,121
Discovery,6,Q,0,0,121
Discovery,7,Q,0,0,121
Discovery,8,Q,0,0,121
Discovery,9,Q,0,0,121
Discovery,10,Q,0,0,121
Discovery,11,Q,0,0,121
Discovery,12,Q,0,0,121
Discovery,13,Q,0,0,121
Discovery,14,Q,0,0,121
Discovery,15,Q,1,1,121
Discovery,16,Q,1,1,121
Discovery,17,Q,1,1,121
Discovery,18,Q,0,0,121
Discovery,19,Q,0,0,121
Discovery,20,Q,0,0,121
Discovery,21,Q,1,1,121
Discovery,22,Q,0,0,121
Discovery,23,Q,0,0,121
Discovery,24,Q,0,0,121
Discovery,25,Q,1,1,121
Discovery,26,Q,0,0,121
Discovery,27,Q,0,0,121
Discovery,28,Q,0,0,121
Discovery,29,Q,1,1,121
Discovery,30,Q,1,1,121
Discovery,31,Q,0,0,121
Discovery,32,Q,0,0,121
Discovery,33,Q,1,1,121
Discovery,34,Q,1,1,121
Discovery,35,Q,0,0,121
Discovery,36,Q,0,0,121
Discovery,37,Q,0,0,121
Discovery,38,Q,1,1,121
Discovery,39,Q,1,1,121
Discovery,40,Q,0,0,121
Discovery,41,Q,0,0,121
Discovery,42,Q,0,0,121
Discovery,43,Q,1,1,121
Discovery,44,Q,1,1,121
Discovery,45,Q,0,0,121
Discovery,46,Q,0,0,121
Discovery,47,Q,1,1,121
Discovery,48,Q,1,1,121
Discovery,49,Q,1,1,121
Discovery,50,Q,1,1,121
Discovery,51,Q,0,0,121
Discovery,52,Q,0,0,121
Discovery,53,Q,0,0,121
Discovery,54,Q,1,1,121
Discovery,55,Q,1,1,121
Discovery,56,Q,0,0,121
Discovery,57,Q,0,0,121
Discovery,58,Q,1,1,121
Discovery,59,Q,1,1,121
Discovery,60,Q,1,1,121
Discovery,1,S,0,0,66
Discovery,2,S,0,0,66
Discovery,3,S,0,0,66
Discovery,4,S,0,0,66
Discovery,5,S,0,0,66
Discovery,6,S,0,0,66
Discovery,7,S,0,0,66
Discovery,8,S,0,0,66
Discovery,9,S,0,0,66
Discovery,10,S,0,0,66
Discovery,11,S,0,0,66
Discovery,12,S,0,0,66
Discovery,13,S,0,0,66
Discovery,14,S,0,0,66
Discovery,15,S,0,0,66
Discovery,16,S,0,0,66
Discovery,17,S,0,0,66
Discovery,18,S,0,0,66
Discovery,19,S,0,0,66
Discovery,20,S,0,0,66
Discovery,21,S,0,0,66
Discovery,22,S,0,0,66
Discovery,23,S,0,0,66
Discovery,24,S,0,0,66
Discovery,25,S,0,0,66
Discovery,26,S,0,0,66
Discovery,27,S,0,0,66
Discovery,28,S,0,0,66
Discovery,29,S,0,0,66
Discovery,30,S,0,0,66
Discovery,31,S,0,0,66
Discovery,32,S,0,0,66
Discovery,33,S,0,0,66
Discovery,34,S,0,0,66
Discovery,35,S,0,0,66
Discovery,36,S,0,0,66
Discovery,37,S,0,0,66
Discovery,38,S,0,0,66
Discovery,39,S,0,0,66
Discovery,40,S,0,0,66
Discovery,41,S,0,0,66
Discovery,42,S,0,0,66
Discovery,43,S,0,0,66
Discovery,44,S,0,0,66
Discovery,45,S,0,0,66
Discovery,46,S,0,0,66
Discovery,47,S,0,0,66
Discovery,48,S,0,0,66
Discovery,49,S,0,0,66
Discovery,50,S,0,0,66
Discovery,51,S,0,0,66
Discovery,52,S,0,0,66
Discovery,53,S,0,0,66
Discovery,54,S,0,0,66
Discovery,55,S,0,0,66
Discovery,56,S,0,0,66
Discovery,57,S,0,0,66
Discovery,58,S,0,0,66
Discovery,59,S,0,0,66
Discovery,60,S,0,0,66
Discovery,1,U,0,0,35
Discovery,2,U,0,0,35
Discovery,3,U,0,0,35
Discovery,4,U,0,0,35
Discovery,5,U,0,0,35
Discovery,6,U,0,0,35
Discovery,7,U,0,0,35
Discovery,8,U,0,0,35
Discovery,9,U,0,0,35
Discovery,10,U,0,0,35
Discovery,11,U,0,0,35
Discovery,12,U,0,0,35
Discovery,13,U,0,0,35
Discovery,14,U,0,0,35
Discovery,15,U,0,0,35
Discovery,16,U,0,0,35
Discovery,17,U,0,0,35
Discovery,18,U,0,0,35
Discovery,19,U,0,0,35
Discovery,20,U,0,0,35
Discovery,21,U,0,0,35
Discovery,22,U,0,0,35
Discovery,23,U,0,0,35
Discovery,24,U,0,0,35
Discovery,25,U,0,0,35
Discovery,26,U,0,0,35
Discovery,27,U,0,0,35
Discovery,28,U,0,0,35
Discovery,29,U,0,0,35
Discovery,30,U,0,0,35
Discovery,31,U,0,0,35
Discovery,32,U,0,0,35
Discovery,33,U,0,0,35
Discovery,34,U,0,0,35
Discovery,35,U,0,0,35
Discovery,36,U,0,0,35
Discovery,37,U,0,0,35
Discovery,38,U,0,0,35
Discovery,39,U,0,0,35
Discovery,40,U,0,0,35
Discovery,41,U,0,0,35
Discovery,42,U,0,0,35
Discovery,43,U,0,0,35
Discovery,44,U,0,0,35
Discovery,45,U,0,0,35
Discovery,46,U,0,0,35
Discovery,47,U,0,0,35
Discovery,48,U,0,0,35
Discovery,49,U,0,0,35
Discovery,50,U,0,0,35
Discovery,51,U,0,0,35
Discovery,52,U,0,0,35
Discovery,53,U,0,0,35
Discovery,54,U,0,0,35
Discovery,55,U,0,0,35
Discovery,56,U,0,0,35
Discovery,57,U,0,0,35
Discovery,58,U,0,0,35
Discovery,59,U,0,0,35
Discovery,60,U,0,0,35
Discovery,1,W,0,0,67
Discovery,2,W,0,0,67
Discovery,3,W,0,0,67
Discovery,4,W,0,0,67
Discovery,5,W,0,0,67
Discovery,6,W,1,1,67
Discovery,7,W,1,1,67
Discovery,8,W,0,0,67
Discovery,9,W,0,0,67
Discovery,10,W,0,0,67
Discovery,11,W,1,1,67
Discovery,12,W,1,1,67
Discovery,13,W,0,0,67
Discovery,14,W,0,0,67
Discovery,15,W,0,0,67
Discovery,16,W,0,0,67
Discovery,17,W,1,1,67
Discovery,18,W,1,1,67
Discovery,19,W,0,0,67
Discovery,20,W,1,1,67
Discovery,21,W,1,1,67
Discovery,22,W,0,0,67
Discovery,23,W,1,1,67
Discovery,24,W,1,1,67
Discovery,25,W,0,0,67
Discovery,26,W,1,1,67
Discovery,27,W,0,0,67
Discovery,28,W,0,0,67
Discovery,29,W,2,1,67
Discovery,30,W,3,1,67
Discovery,31,W,1,1,67
Discovery,32,W,1,1,67
Discovery,33,W,1,1,67
Discovery,34,W,1,1,67
Discovery,35,W,4,1,67
Discovery,36,W,4,1,67
Discovery,37,W,2,1,67
Discovery,38,W,2,1,67
Discovery,39,W,1,1,67
Discovery,40,W,4,1,67
Discovery,41,W,4,1,67
Discovery,42,W,3,1,67
Discovery,43,W,1,1,67
Discovery,44,W,4,1,67
Discovery,45,W,4,1,67
Discovery,46,W,3,1,67
Discovery,47,W,4,1,67
Discovery,48,W,5,1,67
Discovery,49,W,6,1,67
Discovery,50,W,6,1,67
Discovery,51,W,5,1,67
Discovery,52,W,4,1,67
Discovery,53,W,2,1,67
Discovery,54,W,2,1,67
Discovery,55,W,3,1,67
Discovery,56,W,6,1,67
Discovery,57,W,6,1,67
Discovery,58,W,5,1,67
Discovery,59,W,5,1,67
Discovery,60,W,6,1,67
Discovery,1,Y,0,0,167
Discovery,2,Y,0,0,167
Discovery,3,Y,0,0,167
Discovery,4,Y,0,0,167
Discovery,5,Y,1,1,167
Discovery,6,Y,1,1,167
Discovery,7,Y,1,1,167
Discovery,8,Y,1,1,167
Discovery,9,Y,1,1,167
Discovery,10,Y,1,1,167
Discovery,11,Y,1,1,167
Discovery,12,Y,1,1,167
Discovery,13,Y,1,1,167
Discovery,14,Y,1,1,167
Discovery,15,Y,1,1,167
Discovery,16,Y,1,1,167
Discovery,17,Y,1,1,167
Discovery,18,Y,1,1,167
Discovery,19,Y,0,0,167
Discovery,20,Y,2,1,167
Discovery,21,Y,2,1,167
Discovery,22,Y,2,1,167
Discovery,23,Y,2,1,167
Discovery,24,Y,2,1,167
Discovery,25,Y,2,1,167
Discovery,26,Y,1,1,167
Discovery,27,Y,1,1,167
Discovery,28,Y,2,1,167
Discovery,29,Y,2,1,167
Discovery,30,Y,1,1,167
Discovery,31,Y,1,1,167
Discovery,32,Y,2,1,167
Discovery,33,Y,3,1,167
Discovery,34,Y,3,1,167
Discovery,35,Y,1,1,167
Discovery,36,Y,0,0,167
Discovery,37,Y,3,1,167
Discovery,38,Y,2,1,167
Discovery,39,Y,1,1,167
Discovery,40,Y,2,1,167
Discovery,41,Y,0,0,167
Discovery,42,Y,2,1,167
Discovery,43,Y,4,1,167
Discovery,44,Y,3,1,167
Discovery,45,Y,3,1,167
Discovery,46,Y,2,1,167
Discovery,47,Y,3,1,167
Discovery,48,Y,2,1,167
Discovery,49,Y,2,1,167
Discovery,50,Y,3,1,167
Discovery,51,Y,1,1,167
Discovery,52,Y,3,1,167
Discovery,53,Y,6,1,167
Discovery,54,Y,2,1,167
Discovery,55,Y,1,1,167
Discovery,56,Y,3,1,167
Discovery,57,Y,8,1,167
Discovery,58,Y,7,1,167
Discovery,59,Y,4,1,167
Discovery,60,Y,3,1,167
Discovery,1,AA,0,0,59
Discovery,2,AA,0,0,59
Discovery,3,AA,0,0,59
Discovery,4,AA,0,0,59
Discovery,5,AA,0,0,59
Discovery,6,AA,0,0,59
Discovery,7,AA,0,0,59
Discovery,8,AA,0,0,59
Discovery,9,AA,0,0,59
Discovery,10,AA,0,0,59
Discovery,11,AA,0,0,59
Discovery,12,AA,0,0,59
Discovery,13,AA,0,0,59
Discovery,14,AA,0,0,59
Discovery,15,AA,0,0,59
Discovery,16,AA,0,0,59
Discovery,17,AA,0,0,59
Discovery,18,AA,0,0,59
Discovery,19,AA,0,0,59
Discovery,20,AA,0,0,59
Discovery,21,AA,0,0,59
Discovery,22,AA,0,0,59
Discovery,23,AA,0,0,59
Discovery,24,AA,0,0,59
Discovery,25,AA,0,0,59
Discovery,26,AA,2,1,59
Discovery,27,AA,2,1,59
Discovery,28,AA,1,1,59
Discovery,29,AA,0,0,59
Discovery,30,AA,2,1,59
Discovery,31,AA,2,1,59
Discovery,32,AA,1,1,59
Discovery,33,AA,2,1,59
Discovery,34,AA,3,1,59
Discovery,35,AA,3,1,59
Discovery,36,AA,1,1,59
Discovery,37,AA,3,1,59
Discovery,38,AA,5,1,59
Discovery,39,AA,4,1,59
Discovery,40,AA,5,1,59
Discovery,41,AA,4,1,59
Discovery,42,AA,7,1,59
Discovery,43,AA,1,1,59
Discovery,44,AA,6,1,59
Discovery,45,AA,8,1,59
Discovery,46,AA,6,1,59
Discovery,47,AA,7,1,59
Discovery,48,AA,5,1,59
Discovery,49,AA,8,1,59
Discovery,50,AA,5,1,59
Discovery,51,AA,4,1,59
Discovery,52,AA,4,1,59
Discovery,53,AA,4,1,59
Discovery,54,AA,8,1,59
Discovery,55,AA,11,1,59
Discovery,56,AA,5,1,59
Discovery,57,AA,6,1,59
Discovery,58,AA,5,1,59
Discovery,59,AA,5,1,59
Discovery,60,AA,4,1,59
Discovery,1,CC,0,0,12
Discovery,2,CC,0,0,12
Discovery,3,CC,0,0,12
Discovery,4,CC,0,0,12
Discovery,5,CC,0,0,12
Discovery,6,CC,0,0,12
Discovery,7,CC,0,0,12
Discovery,8,CC,0,0,12
Discovery,9,CC,0,0,12
Discovery,10,CC,0,0,12
Discovery,11,CC,0,0,12
Discovery,12,CC,0,0,12
Discovery,13,CC,0,0,12
Discovery,14,CC,0,0,12
Discovery,15,CC,0,0,12
Discovery,16,CC,0,0,12
Discovery,17,CC,0,0,12
Discovery,18,CC,0,0,12
Discovery,19,CC,0,0,12
Discovery,20,CC,0,0,12
Discovery,21,CC,0,0,12
Discovery,22,CC,0,0,12
Discovery,23,CC,0,0,12
Discovery,24,CC,0,0,12
Discovery,25,CC,0,0,12
Discovery,26,CC,0,0,12
Discovery,27,CC,0,0,12
Discovery,28,CC,0,0,12
Discovery,29,CC,0,0,12
Discovery,30,CC,0,0,12
Discovery,31,CC,0,0,12
Discovery,32,CC,0,0,12
Discovery,33,CC,0,0,12
Discovery,34,CC,0,0,12
Discovery,35,CC,0,0,12
Discovery,36,CC,0,0,12
Discovery,37,CC,0,0,12
Discovery,38,CC,0,0,12
Discovery,39,CC,0,0,12
Discovery,40,CC,0,0,12
Discovery,41,CC,0,0,12
Discovery,42,CC,0,0,12
Discovery,43,CC,0,0,12
Discovery,44,CC,0,0,12
Discovery,45,CC,0,0,12
Discovery,46,CC,0,0,12
Discovery,47,CC,0,0,12
Discovery,48,CC,0,0,12
Discovery,49,CC,0,0,12
Discovery,50,CC,0,0,12
Discovery,51,CC,0,0,12
Discovery,52,CC,0,0,12
Discovery,53,CC,0,0,12
Discovery,54,CC,0,0,12
Discovery,55,CC,0,0,12
Discovery,56,CC,0,0,12
Discovery,57,CC,0,0,12
Discovery,58,CC,0,0,12
Discovery,59,CC,0,0,12
Discovery,60,CC,0,0,12
Discovery,1,EE,0,0,11
Discovery,2,EE,0,0,11
Discovery,3,EE,0,0,11
Discovery,4,EE,0,0,11
Discovery,5,EE,0,0,11
Discovery,6,EE,0,0,11
Discovery,7,EE,0,0,11
Discovery,8,EE,0,0,11
Discovery,9,EE,0,0,11
Discovery,10,EE,0,0,11
Discovery,11,EE,0,0,11
Discovery,12,EE,0,0,11
Discovery,13,EE,0,0,11
Discovery,14,EE,0,0,11
Discovery,15,EE,0,0,11
Discovery,16,EE,0,0,11
Discovery,17,EE,0,0,11
Discovery,18,EE,0,0,11
Discovery,19,EE,0,0,11
Discovery,20,EE,0,0,11
Discovery,21,EE,0,0,11
Discovery,22,EE,0,0,11
Discovery,23,EE,0,0,11
Discovery,24,EE,0,0,11
Discovery,25,EE,0,0,11
Discovery,26,EE,0,0,11
Discovery,27,EE,0,0,11
Discovery,28,EE,0,0,11
Discovery,29,EE,0,0,11
Discovery,30,EE,1,1,11
Discovery,31,EE,0,0,11
Discovery,32,EE,0,0,11
Discovery,33,EE,0,0,11
Discovery,34,EE,0,0,11
Discovery,35,EE,0,0,11
Discovery,36,EE,0,0,11
Discovery,37,EE,1,1,11
Discovery,38,EE,1,1,11
Discovery,39,EE,1,1,11
Discovery,40,EE,1,1,11
Discovery,41,EE,1,1,11
Discovery,42,EE,1,1,11
Discovery,43,EE,1,1,11
Discovery,44,EE,0,0,11
Discovery,45,EE,1,1,11
Discovery,46,EE,1,1,11
Discovery,47,EE,1,1,11
Discovery,48,EE,1,1,11
Discovery,49,EE,1,1,11
Discovery,50,EE,1,1,11
Discovery,51,EE,0,0,11
Discovery,52,EE,1,1,11
Discovery,53,EE,1,1,11
Discovery,54,EE,1,1,11
Discovery,55,EE,1,1,11
Discovery,56,EE,1,1,11
Discovery,57,EE,1,1,11
Discovery,58,EE,1,1,11
Discovery,59,EE,1,1,11
Discovery,60,EE,1,1,11
Discovery,1,GG,1,1,181
Discovery,2,GG,2,1,181
Discovery,3,GG,5,1,181
Discovery,4,GG,4,1,181
Discovery,5,GG,5,1,181
Discovery,6,GG,3,1,181
Discovery,7,GG,3,1,181
Discovery,8,GG,4,1,181
Discovery,9,GG,2,1,181
Discovery,10,GG,2,1,181
Discovery,11,GG,3,1,181
Discovery,12,GG,4,1,181
Discovery,13,GG,5,1,181
Discovery,14,GG,2,1,181
Discovery,15,GG,3,1,181
Discovery,16,GG,4,1,181
Discovery,17,GG,2,1,181
Discovery,18,GG,3,1,181
Discovery,19,GG,4,1,181
Discovery,20,GG,7,1,181
Discovery,21,GG,6,1,181
Discovery,22,GG,6,1,181
Discovery,23,GG,11,1,181
Discovery,24,GG,12,1,181
Discovery,25,GG,9,1,181
Discovery,26,GG,9,1,181
Discovery,27,GG,7,1,181
Discovery,28,GG,8,1,181
Discovery,29,GG,7,1,181
Discovery,30,GG,9,1,181
Discovery,31,GG,8,1,181
Discovery,32,GG,11,1,181
Discovery,33,GG,13,1,181
Discovery,34,GG,11,1,181
Discovery,35,GG,13,1,181
Discovery,36,GG,11,1,181
Discovery,37,GG,11,1,181
Discovery,38,GG,12,1,181
Discovery,39,GG,13,1,181
Discovery,40,GG,16,1,181
Discovery,41,GG,18,1,181
Discovery,42,GG,15,1,181
Discovery,43,GG,16,1,181
Discovery,44,GG,16,1,181
Discovery,45,GG,16,1,181
Discovery,46,GG,16,1,181
Discovery,47,GG,15,1,181
Discovery,48,GG,16,1,181
Discovery,49,GG,17,1,181
Discovery,50,GG,20,1,181
Discovery,51,GG,17,1,181
Discovery,52,GG,21,1,181
Discovery,53,GG,22,1,181
Discovery,54,GG,21,1,181
Discovery,55,GG,18,1,181
Discovery,56,GG,20,1,181
Discovery,57,GG,21,1,181
Discovery,58,GG,19,1,181
Discovery,59,GG,17,1,181
Discovery,60,GG,15,1,181
Discovery,1,II,0,0,34
Discovery,2,II,0,0,34
Discovery,3,II,0,0,34
Discovery,4,II,0,0,34
Discovery,5,II,0,0,34
Discovery,6,II,0,0,34
Discovery,7,II,0,0,34
Discovery,8,II,0,0,34
Discovery,9,II,0,0,34
Discovery,10,II,0,0,34
Discovery,11,II,0,0,34
Discovery,12,II,0,0,34
Discovery,13,II,0,0,34
Discovery,14,II,0,0,34
Discovery,15,II,0,0,34
Discovery,16,II,0,0,34
Discovery,17,II,0,0,34
Discovery,18,II,0,0,34
Discovery,19,II,0,0,34
Discovery,20,II,0,0,34
Discovery,21,II,0,0,34
Discovery,22,II,0,0,34
Discovery,23,II,0,0,34
Discovery,24,II,0,0,34
Discovery,25,II,0,0,34
Discovery,26,II,0,0,34
Discovery,27,II,0,0,34
Discovery,28,II,0,0,34
Discovery,29,II,0,0,34
Discovery,30,II,0,0,34
Discovery,31,II,0,0,34
Discovery,32,II,0,0,34
Discovery,33,II,0,0,34
Discovery,34,II,0,0,34
Discovery,35,II,0,0,34
Discovery,36,II,0,0,34
Discovery,37,II,0,0,34
Discovery,38,II,0,0,34
Discovery,39,II,0,0,34
Discovery,40,II,0,0,34
Discovery,41,II,0,0,34
Discovery,42,II,0,0,34
Discovery,43,II,0,0,34
Discovery,44,II,0,0,34
Discovery,45,II,0,0,34
Discovery,46,II,0,0,34
Discovery,47,II,0,0,34
Discovery,48,II,0,0,34
Discovery,49,II,0,0,34
Discovery,50,II,0,0,34
Discovery,51,II,0,0,34
Discovery,52,II,0,0,34
Discovery,53,II,0,0,34
Discovery,54,II,0,0,34
Discovery,55,II,0,0,34
Discovery,56,II,0,0,34
Discovery,57,II,0,0,34
Discovery,58,II,0,0,34
Discovery,59,II,0,0,34
Discovery,60,II,0,0,34
Discovery,1,KK,0,0,42
Discovery,2,KK,0,0,42
Discovery,3,KK,0,0,42
Discovery,4,KK,0,0,42
Discovery,5,KK,0,0,42
Discovery,6,KK,0,0,42
Discovery,7,KK,0,0,42
Discovery,8,KK,0,0,42
Discovery,9,KK,0,0,42
Discovery,10,KK,0,0,42
Discovery,11,KK,0,0,42
Discovery,12,KK,0,0,42
Discovery,13,KK,0,0,42
Discovery,14,KK,0,0,42
Discovery,15,KK,2,1,42
Discovery,16,KK,3,1,42
Discovery,17,KK,2,1,42
Discovery,18,KK,2,1,42
Discovery,19,KK,2,1,42
Discovery,20,KK,0,0,42
Discovery,21,KK,2,1,42
Discovery,22,KK,1,1,42
Discovery,23,KK,1,1,42
Discovery,24,KK,3,1,42
Discovery,25,KK,2,1,42
Discovery,26,KK,1,1,42
Discovery,27,KK,3,1,42
Discovery,28,KK,2,1,42
Discovery,29,KK,2,1,42
Discovery,30,KK,1,1,42
Discovery,31,KK,1,1,42
Discovery,32,KK,1,1,42
Discovery,33,KK,4,1,42
Discovery,34,KK,2,1,42
Discovery,35,KK,2,1,42
Discovery,36,KK,2,1,42
Discovery,37,KK,3,1,42
Discovery,38,KK,2,1,42
Discovery,39,KK,2,1,42
Discovery,40,KK,3,1,42
Discovery,41,KK,1,1,42
Discovery,42,KK,4,1,42
Discovery,43,KK,3,1,42
Discovery,44,KK,2,1,42
Discovery,45,KK,2,1,42
Discovery,46,KK,0,0,42
Discovery,47,KK,0,0,42
Discovery,48,KK,1,1,42
Discovery,49,KK,2,1,42
Discovery,50,KK,3,1,42
Discovery,51,KK,4,1,42
Discovery,52,KK,2,1,42
Discovery,53,KK,1,1,42
Discovery,54,KK,1,1,42
Discovery,55,KK,1,1,42
Discovery,56,KK,2,1,42
Discovery,57,KK,2,1,42
Discovery,58,KK,2,1,42
Discovery,59,KK,3,1,42
Discovery,60,KK,3,1,42
Discovery,1,MM,0,0,46
Discovery,2,MM,0,0,46
Discovery,3,MM,0,0,46
Discovery,4,MM,0,0,46
Discovery,5,MM,0,0,46
Discovery,6,MM,0,0,46
Discovery,7,MM,0,0,46
Discovery,8,MM,0,0,46
Discovery,9,MM,0,0,46
Discovery,10,MM,0,0,46
Discovery,11,MM,0,0,46
Discovery,12,MM,0,0,46
Discovery,13,MM,0,0,46
Discovery,14,MM,0,0,46
Discovery,15,MM,0,0,46
Discovery,16,MM,0,0,46
Discovery,17,MM,0,0,46
Discovery,18,MM,0,0,46
Discovery,19,MM,0,0,46
Discovery,20,MM,0,0,46
Discovery,21,MM,0,0,46
Discovery,22,MM,0,0,46
Discovery,23,MM,0,0,46
Discovery,24,MM,0,0,46
Discovery,25,MM,0,0,46
Discovery,26,MM,0,0,46
Discovery,27,MM,0,0,46
Discovery,28,MM,0,0,46
Discovery,29,MM,0,0,46
Discovery,30,MM,0,0,46
Discovery,31,MM,0,0,46
Discovery,32,MM,0,0,46
Discovery,33,MM,0,0,46
Discovery,34,MM,0,0,46
Discovery,35,MM,0,0,46
Discovery,36,MM,0,0,46
Discovery,37,MM,0,0,46
Discovery,38,MM,0,0,46
Discovery,39,MM,0,0,46
Discovery,40,MM,0,0,46
Discovery,41,MM,0,0,46
Discovery,42,MM,0,0,46
Discovery,43,MM,0,0,46
Discovery,44,MM,0,0,46
Discovery,45,MM,0,0,46
Discovery,46,MM,0,0,46
Discovery,47,MM,0,0,46
Discovery,48,MM,0,0,46
Discovery,49,MM,0,0,46
Discovery,50,MM,0,0,46
Discovery,51,MM,0,0,46
Discovery,52,MM,0,0,46
Discovery,53,MM,0,0,46
Discovery,54,MM,0,0,46
Discovery,55,MM,0,0,46
Discovery,56,MM,0,0,46
Discovery,57,MM,0,0,46
Discovery,58,MM,0,0,46
Discovery,59,MM,0,0,46
Discovery,60,MM,0,0,46
Discovery,1,OO,0,0,44
Discovery,2,OO,0,0,44
Discovery,3,OO,0,0,44
Discovery,4,OO,0,0,44
Discovery,5,OO,0,0,44
Discovery,6,OO,0,0,44
Discovery,7,OO,0,0,44
Discovery,8,OO,0,0,44
Discovery,9,OO,0,0,44
Discovery,10,OO,0,0,44
Discovery,11,OO,0,0,44
Discovery,12,OO,0,0,44
Discovery,13,OO,0,0,44
Discovery,14,OO,0,0,44
Discovery,15,OO,0,0,44
Discovery,16,OO,0,0,44
Discovery,17,OO,0,0,44
Discovery,18,OO,0,0,44
Discovery,19,OO,0,0,44
Discovery,20,OO,0,0,44
Discovery,21,OO,0,0,44
Discovery,22,OO,0,0,44
Discovery,23,OO,0,0,44
Discovery,24,OO,0,0,44
Discovery,25,OO,0,0,44
Discovery,26,OO,0,0,44
Discovery,27,OO,0,0,44
Discovery,28,OO,0,0,44
Discovery,29,OO,0,0,44
Discovery,30,OO,0,0,44
Discovery,31,OO,0,0,44
Discovery,32,OO,0,0,44
Discovery,33,OO,0,0,44
Discovery,34,OO,0,0,44
Discovery,35,OO,0,0,44
Discovery,36,OO,0,0,44
Discovery,37,OO,0,0,44
Discovery,38,OO,0,0,44
Discovery,39,OO,0,0,44
Discovery,40,OO,0,0,44
Discovery,41,OO,0,0,44
Discovery,42,OO,0,0,44
Discovery,43,OO,0,0,44
Discovery,44,OO,0,0,44
Discovery,45,OO,0,0,44
Discovery,46,OO,0,0,44
Discovery,47,OO,0,0,44
Discovery,48,OO,0,0,44
Discovery,49,OO,0,0,44
Discovery,50,OO,0,0,44
Discovery,51,OO,0,0,44
Discovery,52,OO,0,0,44
Discovery,53,OO,0,0,44
Discovery,54,OO,0,0,44
Discovery,55,OO,0,0,44
Discovery,56,OO,0,0,44
Discovery,57,OO,0,0,44
Discovery,58,OO,0,0,44
Discovery,59,OO,0,0,44
Discovery,60,OO,0,0,44
Discovery,1,QQ,0,0,63
Discovery,2,QQ,0,0,63
Discovery,3,QQ,0,0,63
Discovery,4,QQ,0,0,63
Discovery,5,QQ,0,0,63
Discovery,6,QQ,0,0,63
Discovery,7,QQ,0,0,63
Discovery,8,QQ,0,0,63
Discovery,9,QQ,1,1,63
Discovery,10,QQ,0,0,63
Discovery,11,QQ,0,0,63
Discovery,12,QQ,0,0,63
Discovery,13,QQ,0,0,63
Discovery,14,QQ,0,0,63
Discovery,15,QQ,1,1,63
Discovery,16,QQ,2,1,63
Discovery,17,QQ,1,1,63
Discovery,18,QQ,0,0,63
Discovery,19,QQ,0,0,63
Discovery,20,QQ,0,0,63
Discovery,21,QQ,1,1,63
Discovery,22,QQ,0,0,63
Discovery,23,QQ,1,1,63
Discovery,24,QQ,1,1,63
Discovery,25,QQ,2,1,63
Discovery,26,QQ,3,1,63
Discovery,27,QQ,2,1,63
Discovery,28,QQ,1,1,63
Discovery,29,QQ,4,1,63
Discovery,30,QQ,5,1,63
Discovery,31,QQ,5,1,63
Discovery,32,QQ,5,1,63
Discovery,33,QQ,2,1,63
Discovery,34,QQ,4,1,63
Discovery,35,QQ,6,1,63
Discovery,36,QQ,6,1,63
Discovery,37,QQ,5,1,63
Discovery,38,QQ,3,1,63
Discovery,39,QQ,3,1,63
Discovery,40,QQ,6,1,63
Discovery,41,QQ,6,1,63
Discovery,42,QQ,7,1,63
Discovery,43,QQ,7,1,63
Discovery,44,QQ,5,1,63
Discovery,45,QQ,5,1,63
Discovery,46,QQ,6,1,63
Discovery,47,QQ,8,1,63
Discovery,48,QQ,7,1,63
Discovery,49,QQ,7,1,63
Discovery,50,QQ,8,1,63
Discovery,51,QQ,8,1,63
Discovery,52,QQ,9,1,63
Discovery,53,QQ,10,1,63
Discovery,54,QQ,9,1,63
Discovery,55,QQ,9,1,63
Discovery,56,QQ,7,1,63
Discovery,57,QQ,6,1,63
Discovery,58,QQ,7,1,63
Discovery,59,QQ,7,1,63
Discovery,60,QQ,9,1,63
Discovery,1,SS,0,0,36
Discovery,2,SS,0,0,36
Discovery,3,SS,0,0,36
Discovery,4,SS,0,0,36
Discovery,5,SS,0,0,36
Discovery,6,SS,0,0,36
Discovery,7,SS,0,0,36
Discovery,8,SS,0,0,36
Discovery,9,SS,0,0,36
Discovery,10,SS,0,0,36
Discovery,11,SS,0,0,36
Discovery,12,SS,0,0,36
Discovery,13,SS,0,0,36
Discovery,14,SS,0,0,36
Discovery,15,SS,0,0,36
Discovery,16,SS,0,0,36
Discovery,17,SS,0,0,36
Discovery,18,SS,0,0,36
Discovery,19,SS,0,0,36
Discovery,20,SS,0,0,36
Discovery,21,SS,0,0,36
Discovery,22,SS,0,0,36
Discovery,23,SS,0,0,36
Discovery,24,SS,0,0,36
Discovery,25,SS,0,0,36
Discovery,26,SS,0,0,36
Discovery,27,SS,0,0,36
Discovery,28,SS,0,0,36
Discovery,29,SS,0,0,36
Discovery,30,SS,0,0,36
Discovery,31,SS,0,0,36
Discovery,32,SS,0,0,36
Discovery,33,SS,0,0,36
Discovery,34,SS,0,0,36
Discovery,35,SS,0,0,36
Discovery,36,SS,0,0,36
Discovery,37,SS,0,0,36
Discovery,38,SS,0,0,36
Discovery,39,SS,0,0,36
Discovery,40,SS,0,0,36
Discovery,41,SS,0,0,36
Discovery,42,SS,0,0,36
Discovery,43,SS,0,0,36
Discovery,44,SS,0,0,36
Discovery,45,SS,0,0,36
Discovery,46,SS,0,0,36
Discovery,47,SS,0,0,36
Discovery,48,SS,0,0,36
Discovery,49,SS,0,0,36
Discovery,50,SS,0,0,36
Discovery,51,SS,0,0,36
Discovery,52,SS,0,0,36
Discovery,53,SS,0,0,36
Discovery,54,SS,0,0,36
Discovery,55,SS,0,0,36
Discovery,56,SS,0,0,36
Discovery,57,SS,0,0,36
Discovery,58,SS,0,0,36
Discovery,59,SS,0,0,36
Discovery,60,SS,0,0,36
Discovery,1,UU,0,0,25
Discovery,2,UU,0,0,25
Discovery,3,UU,0,0,25
Discovery,4,UU,0,0,25
Discovery,5,UU,0,0,25
Discovery,6,UU,0,0,25
Discovery,7,UU,0,0,25
Discovery,8,UU,0,0,25
Discovery,9,UU,0,0,25
Discovery,10,UU,0,0,25
Discovery,11,UU,0,0,25
Discovery,12,UU,0,0,25
Discovery,13,UU,0,0,25
Discovery,14,UU,0,0,25
Discovery,15,UU,0,0,25
Discovery,16,UU,0,0,25
Discovery,17,UU,0,0,25
Discovery,18,UU,0,0,25
Discovery,19,UU,0,0,25
Discovery,20,UU,0,0,25
Discovery,21,UU,0,0,25
Discovery,22,UU,0,0,25
Discovery,23,UU,0,0,25
Discovery,24,UU,0,0,25
Discovery,25,UU,0,0,25
Discovery,26,UU,0,0,25
Discovery,27,UU,0,0,25
Discovery,28,UU,0,0,25
Discovery,29,UU,0,0,25
Discovery,30,UU,0,0,25
Discovery,31,UU,0,0,25
Discovery,32,UU,0,0,25
Discovery,33,UU,0,0,25
Discovery,34,UU,0,0,25
Discovery,35,UU,0,0,25
Discovery,36,UU,0,0,25
Discovery,37,UU,0,0,25
Discovery,38,UU,0,0,25
Discovery,39,UU,0,0,25
Discovery,40,UU,0,0,25
Discovery,41,UU,0,0,25
Discovery,42,UU,0,0,25
Discovery,43,UU,0,0,25
Discovery,44,UU,0,0,25
Discovery,45,UU,0,0,25
Discovery,46,UU,0,0,25
Discovery,47,UU,0,0,25
Discovery,48,UU,0,0,25
Discovery,49,UU,0,0,25
Discovery,50,UU,0,0,25
Discovery,51,UU,0,0,25
Discovery,52,UU,0,0,25
Discovery,53,UU,0,0,25
Discovery,54,UU,0,0,25
Discovery,55,UU,0,0,25
Discovery,56,UU,0,0,25
Discovery,57,UU,0,0,25
Discovery,58,UU,0,0,25
Discovery,59,UU,0,0,25
Discovery,60,UU,0,0,25
Discovery,1,WW,2,1,108
Discovery,2,WW,2,1,108
Discovery,3,WW,2,1,108
Discovery,4,WW,2,1,108
Discovery,5,WW,1,1,108
Discovery,6,WW,0,0,108
Discovery,7,WW,0,0,108
Discovery,8,WW,0,0,108
Discovery,9,WW,3,1,108
Discovery,10,WW,1,1,108
Discovery,11,WW,1,1,108
Discovery,12,WW,5,1,108
Discovery,13,WW,5,1,108
Discovery,14,WW,3,1,108
Discovery,15,WW,3,1,108
Discovery,16,WW,3,1,108
Discovery,17,WW,4,1,108
Discovery,18,WW,6,1,108
Discovery,19,WW,6,1,108
Discovery,20,WW,4,1,108
Discovery,21,WW,9,1,108
Discovery,22,WW,8,1,108
Discovery,23,WW,6,1,108
Discovery,24,WW,5,1,108
Discovery,25,WW,10,1,108
Discovery,26,WW,11,1,108
Discovery,27,WW,7,1,108
Discovery,28,WW,5,1,108
Discovery,29,WW,6,1,108
Discovery,30,WW,5,1,108
Discovery,31,WW,4,1,108
Discovery,32,WW,6,1,108
Discovery,33,WW,4,1,108
Discovery,34,WW,7,1,108
Discovery,35,WW,9,1,108
Discovery,36,WW,6,1,108
Discovery,37,WW,6,1,108
Discovery,38,WW,5,1,108
Discovery,39,WW,4,1,108
Discovery,40,WW,5,1,108
Discovery,41,WW,6,1,108
Discovery,42,WW,8,1,108
Discovery,43,WW,10,1,108
Discovery,44,WW,8,1,108
Discovery,45,WW,4,1,108
Discovery,46,WW,3,1,108
Discovery,47,WW,1,1,108
Discovery,48,WW,1,1,108
Discovery,49,WW,1,1,108
Discovery,50,WW,3,1,108
Discovery,51,WW,4,1,108
Discovery,52,WW,3,1,108
Discovery,53,WW,3,1,108
Discovery,54,WW,3,1,108
Discovery,55,WW,4,1,108
Discovery,56,WW,3,1,108
Discovery,57,WW,4,1,108
Discovery,58,WW,4,1,108
Discovery,59,WW,3,1,108
Discovery,60,WW,3,1,108
Discovery,1,YY,1,1,54
Discovery,2,YY,2,1,54
Discovery,3,YY,4,1,54
Discovery,4,YY,3,1,54
Discovery,5,YY,4,1,54
Discovery,6,YY,2,1,54
Discovery,7,YY,3,1,54
Discovery,8,YY,3,1,54
Discovery,9,YY,2,1,54
Discovery,10,YY,3,1,54
Discovery,11,YY,2,1,54
Discovery,12,YY,2,1,54
Discovery,13,YY,4,1,54
Discovery,14,YY,4,1,54
Discovery,15,YY,5,1,54
Discovery,16,YY,3,1,54
Discovery,17,YY,3,1,54
Discovery,18,YY,2,1,54
Discovery,19,YY,3,1,54
Discovery,20,YY,2,1,54
Discovery,21,YY,0,0,54
Discovery,22,YY,1,1,54
Discovery,23,YY,3,1,54
Discovery,24,YY,2,1,54
Discovery,25,YY,4,1,54
Discovery,26,YY,5,1,54
Discovery,27,YY,4,1,54
Discovery,28,YY,4,1,54
Discovery,29,YY,3,1,54
Discovery,30,YY,4,1,54
Discovery,31,YY,3,1,54
Discovery,32,YY,6,1,54
Discovery,33,YY,6,1,54
Discovery,34,YY,3,1,54
Discovery,35,YY,3,1,54
Discovery,36,YY,3,1,54
Discovery,37,YY,3,1,54
Discovery,38,YY,3,1,54
Discovery,39,YY,1,1,54
Discovery,40,YY,2,1,54
Discovery,41,YY,2,1,54
Discovery,42,YY,2,1,54
Discovery,43,YY,1,1,54
Discovery,44,YY,1,1,54
Discovery,45,YY,2,1,54
Discovery,46,YY,4,1,54
Discovery,47,YY,4,1,54
Discovery,48,YY,2,1,54
Discovery,49,YY,2,1,54
Discovery,50,YY,1,1,54
Discovery,51,YY,2,1,54
Discovery,52,YY,2,1,54
Discovery,53,YY,4,1,54
Discovery,54,YY,5,1,54
Discovery,55,YY,3,1,54
Discovery,56,YY,3,1,54
Discovery,57,YY,3,1,54
Discovery,58,YY,2,1,54
Discovery,59,YY,3,1,54
Discovery,60,YY,4,1,54
Discovery,1,AAA,0,0,33
Discovery,2,AAA,0,0,33
Discovery,3,AAA,0,0,33
Discovery,4,AAA,0,0,33
Discovery,5,AAA,0,0,33
Discovery,6,AAA,0,0,33
Discovery,7,AAA,0,0,33
Discovery,8,AAA,0,0,33
Discovery,9,AAA,0,0,33
Discovery,10,AAA,0,0,33
Discovery,11,AAA,0,0,33
Discovery,12,AAA,0,0,33
Discovery,13,AAA,0,0,33
Discovery,14,AAA,0,0,33
Discovery,15,AAA,0,0,33
Discovery,16,AAA,0,0,33
Discovery,17,AAA,0,0,33
Discovery,18,AAA,0,0,33
Discovery,19,AAA,0,0,33
Discovery,20,AAA,0,0,33
Discovery,21,AAA,0,0,33
Discovery,22,AAA,0,0,33
Discovery,23,AAA,0,0,33
Discovery,24,AAA,0,0,33
Discovery,25,AAA,0,0,33
Discovery,26,AAA,0,0,33
Discovery,27,AAA,0,0,33
Discovery,28,AAA,0,0,33
Discovery,29,AAA,0,0,33
Discovery,30,AAA,0,0,33
Discovery,31,AAA,0,0,33
Discovery,32,AAA,0,0,33
Discovery,33,AAA,0,0,33
Discovery,34,AAA,0,0,33
Discovery,35,AAA,0,0,33
Discovery,36,AAA,0,0,33
Discovery,37,AAA,0,0,33
Discovery,38,AAA,0,0,33
Discovery,39,AAA,0,0,33
Discovery,40,AAA,0,0,33
Discovery,41,AAA,0,0,33
Discovery,42,AAA,0,0,33
Discovery,43,AAA,0,0,33
Discovery,44,AAA,0,0,33
Discovery,45,AAA,0,0,33
Discovery,46,AAA,0,0,33
Discovery,47,AAA,0,0,33
Discovery,48,AAA,0,0,33
Discovery,49,AAA,0,0,33
Discovery,50,AAA,0,0,33
Discovery,51,AAA,0,0,33
Discovery,52,AAA,0,0,33
Discovery,53,AAA,0,0,33
Discovery,54,AAA,0,0,33
Discovery,55,AAA,0,0,33
Discovery,56,AAA,0,0,33
Discovery,57,AAA,0,0,33
Discovery,58,AAA,0,0,33
Discovery,59,AAA,0,0,33
Discovery,60,AAA,0,0,33
Discovery,1,CCC,0,0,42
Discovery,2,CCC,0,0,42
Discovery,3,CCC,0,0,42
Discovery,4,CCC,0,0,42
Discovery,5,CCC,0,0,42
Discovery,6,CCC,0,0,42
Discovery,7,CCC,0,0,42
Discovery,8,CCC,0,0,42
Discovery,9,CCC,0,0,42
Discovery,10,CCC,0,0,42
Discovery,11,CCC,0,0,42
Discovery,12,CCC,0,0,42
Discovery,13,CCC,0,0,42
Discovery,14,CCC,0,0,42
Discovery,15,CCC,0,0,42
Discovery,16,CCC,0,0,42
Discovery,17,CCC,0,0,42
Discovery,18,CCC,0,0,42
Discovery,19,CCC,0,0,42
Discovery,20,CCC,0,0,42
Discovery,21,CCC,0,0,42
Discovery,22,CCC,0,0,42
Discovery,23,CCC,0,0,42
Discovery,24,CCC,0,0,42
Discovery,25,CCC,0,0,42
Discovery,26,CCC,0,0,42
Discovery,27,CCC,0,0,42
Discovery,28,CCC,0,0,42
Discovery,29,CCC,0,0,42
Discovery,30,CCC,0,0,42
Discovery,31,CCC,0,0,42
Discovery,32,CCC,0,0,42
Discovery,33,CCC,0,0,42
Discovery,34,CCC,0,0,42
Discovery,35,CCC,0,0,42
Discovery,36,CCC,0,0,42
Discovery,37,CCC,0,0,42
Discovery,38,CCC,0,0,42
Discovery,39,CCC,0,0,42
Discovery,40,CCC,0,0,42
Discovery,41,CCC,0,0,42
Discovery,42,CCC,0,0,42
Discovery,43,CCC,0,0,42
Discovery,44,CCC,0,0,42
Discovery,45,CCC,0,0,42
Discovery,46,CCC,0,0,42
Discovery,47,CCC,0,0,42
Discovery,48,CCC,0,0,42
Discovery,49,CCC,0,0,42
Discovery,50,CCC,0,0,42
Discovery,51,CCC,0,0,42
Discovery,52,CCC,0,0,42
Discovery,53,CCC,0,0,42
Discovery,54,CCC,0,0,42
Discovery,55,CCC,0,0,42
Discovery,56,CCC,0,0,42
Discovery,57,CCC,0,0,42
Discovery,58,CCC,0,0,42
Discovery,59,CCC,0,0,42
Discovery,60,CCC,0,0,42
Discovery,1,EEE,0,0,37
Discovery,2,EEE,0,0,37
Discovery,3,EEE,0,0,37
Discovery,4,EEE,0,0,37
Discovery,5,EEE,0,0,37
Discovery,6,EEE,1,1,37
Discovery,7,EEE,1,1,37
Discovery,8,EEE,2,1,37
Discovery,9,EEE,2,1,37
Discovery,10,EEE,2,1,37
Discovery,11,EEE,3,1,37
Discovery,12,EEE,3,1,37
Discovery,13,EEE,3,1,37
Discovery,14,EEE,3,1,37
Discovery,15,EEE,3,1,37
Discovery,16,EEE,0,0,37
Discovery,17,EEE,0,0,37
Discovery,18,EEE,0,0,37
Discovery,19,EEE,1,1,37
Discovery,20,EEE,0,0,37
Discovery,21,EEE,2,1,37
Discovery,22,EEE,3,1,37
Discovery,23,EEE,1,1,37
Discovery,24,EEE,1,1,37
Discovery,25,EEE,2,1,37
Discovery,26,EEE,2,1,37
Discovery,27,EEE,1,1,37
Discovery,28,EEE,1,1,37
Discovery,29,EEE,1,1,37
Discovery,30,EEE,2,1,37
Discovery,31,EEE,1,1,37
Discovery,32,EEE,1,1,37
Discovery,33,EEE,2,1,37
Discovery,34,EEE,1,1,37
Discovery,35,EEE,1,1,37
Discovery,36,EEE,2,1,37
Discovery,37,EEE,1,1,37
Discovery,38,EEE,1,1,37
Discovery,39,EEE,1,1,37
Discovery,40,EEE,2,1,37
Discovery,41,EEE,2,1,37
Discovery,42,EEE,2,1,37
Discovery,43,EEE,2,1,37
Discovery,44,EEE,2,1,37
Discovery,45,EEE,2,1,37
Discovery,46,EEE,1,1,37
Discovery,47,EEE,3,1,37
Discovery,48,EEE,2,1,37
Discovery,49,EEE,2,1,37
Discovery,50,EEE,1,1,37
Discovery,51,EEE,0,0,37
Discovery,52,EEE,2,1,37
Discovery,53,EEE,2,1,37
Discovery,54,EEE,2,1,37
Discovery,55,EEE,1,1,37
Discovery,56,EEE,1,1,37
Discovery,57,EEE,2,1,37
Discovery,58,EEE,3,1,37
Discovery,59,EEE,1,1,37
Discovery,60,EEE,1,1,37
Discovery,1,GGG,0,0,51
Discovery,2,GGG,0,0,51
Discovery,3,GGG,0,0,51
Discovery,4,GGG,0,0,51
Discovery,5,GGG,0,0,51
Discovery,6,GGG,0,0,51
Discovery,7,GGG,1,1,51
Discovery,8,GGG,1,1,51
Discovery,9,GGG,0,0,51
Discovery,10,GGG,0,0,51
Discovery,11,GGG,0,0,51
Discovery,12,GGG,0,0,51
Discovery,13,GGG,0,0,51
Discovery,14,GGG,1,1,51
Discovery,15,GGG,2,1,51
Discovery,16,GGG,1,1,51
Discovery,17,GGG,1,1,51
Discovery,18,GGG,2,1,51
Discovery,19,GGG,0,0,51
Discovery,20,GGG,0,0,51
Discovery,21,GGG,3,1,51
Discovery,22,GGG,1,1,51
Discovery,23,GGG,1,1,51
Discovery,24,GGG,1,1,51
Discovery,25,GGG,2,1,51
Discovery,26,GGG,2,1,51
Discovery,27,GGG,2,1,51
Discovery,28,GGG,1,1,51
Discovery,29,GGG,3,1,51
Discovery,30,GGG,3,1,51
Discovery,31,GGG,5,1,51
Discovery,32,GGG,4,1,51
Discovery,33,GGG,3,1,51
Discovery,34,GGG,6,1,51
Discovery,35,GGG,6,1,51
Discovery,36,GGG,1,1,51
Discovery,37,GGG,5,1,51
Discovery,38,GGG,3,1,51
Discovery,39,GGG,2,1,51
Discovery,40,GGG,1,1,51
Discovery,41,GGG,6,1,51
Discovery,42,GGG,1,1,51
Discovery,43,GGG,0,0,51
Discovery,44,GGG,1,1,51
Discovery,45,GGG,4,1,51
Discovery,46,GGG,5,1,51
Discovery,47,GGG,2,1,51
Discovery,48,GGG,1,1,51
Discovery,49,GGG,0,0,51
Discovery,50,GGG,1,1,51
Discovery,51,GGG,2,1,51
Discovery,52,GGG,2,1,51
Discovery,53,GGG,1,1,51
Discovery,54,GGG,2,1,51
Discovery,55,GGG,2,1,51
Discovery,56,GGG,2,1,51
Discovery,57,GGG,2,1,51
Discovery,58,GGG,1,1,51
Discovery,59,GGG,2,1,51
Discovery,60,GGG,4,1,51
Competition,1,A,3,1,53
Competition,2,A,3,1,53
Competition,3,A,3,1,53
Competition,4,A,5,1,53
Competition,5,A,4,1,53
Competition,6,A,4,1,53
Competition,7,A,4,1,53
Competition,8,A,4,1,53
Competition,9,A,2,1,53
Competition,10,A,2,1,53
Competition,11,A,3,1,53
Competition,12,A,2,1,53
Competition,13,A,2,1,53
Competition,14,A,1,1,53
Competition,15,A,2,1,53
Competition,16,A,1,1,53
Competition,17,A,2,1,53
Competition,18,A,2,1,53
Competition,19,A,0,0,53
Competition,20,A,2,1,53
Competition,21,A,2,1,53
Competition,22,A,3,1,53
Competition,23,A,1,1,53
Competition,24,A,3,1,53
Competition,25,A,3,1,53
Competition,26,A,2,1,53
Competition,27,A,2,1,53
Competition,28,A,3,1,53
Competition,29,A,3,1,53
Competition,30,A,3,1,53
Competition,31,A,4,1,53
Competition,32,A,3,1,53
Competition,33,A,2,1,53
Competition,34,A,3,1,53
Competition,35,A,4,1,53
Competition,36,A,4,1,53
Competition,37,A,5,1,53
Competition,38,A,4,1,53
Competition,39,A,4,1,53
Competition,40,A,3,1,53
Competition,41,A,3,1,53
Competition,42,A,5,1,53
Competition,43,A,3,1,53
Competition,44,A,4,1,53
Competition,45,A,4,1,53
Competition,46,A,3,1,53
Competition,47,A,2,1,53
Competition,48,A,4,1,53
Competition,49,A,5,1,53
Competition,50,A,4,1,53
Competition,51,A,5,1,53
Competition,52,A,4,1,53
Competition,53,A,5,1,53
Competition,54,A,4,1,53
Competition,55,A,4,1,53
Competition,56,A,5,1,53
Competition,57,A,5,1,53
Competition,58,A,3,1,53
Competition,59,A,4,1,53
Competition,60,A,4,1,53
Competition,1,C,1,1,21
Competition,2,C,1,1,21
Competition,3,C,0,0,21
Competition,4,C,0,0,21
Competition,5,C,0,0,21
Competition,6,C,1,1,21
Competition,7,C,1,1,21
Competition,8,C,0,0,21
Competition,9,C,1,1,21
Competition,10,C,1,1,21
Competition,11,C,2,1,21
Competition,12,C,0,0,21
Competition,13,C,0,0,21
Competition,14,C,1,1,21
Competition,15,C,1,1,21
Competition,16,C,2,1,21
Competition,17,C,0,0,21
Competition,18,C,1,1,21
Competition,19,C,2,1,21
Competition,20,C,3,1,21
Competition,21,C,2,1,21
Competition,22,C,0,0,21
Competition,23,C,2,1,21
Competition,24,C,1,1,21
Competition,25,C,2,1,21
Competition,26,C,2,1,21
Competition,27,C,3,1,21
Competition,28,C,2,1,21
Competition,29,C,1,1,21
Competition,30,C,2,1,21
Competition,31,C,2,1,21
Competition,32,C,1,1,21
Competition,33,C,3,1,21
Competition,34,C,2,1,21
Competition,35,C,2,1,21
Competition,36,C,3,1,21
Competition,37,C,2,1,21
Competition,38,C,2,1,21
Competition,39,C,1,1,21
Competition,40,C,3,1,21
Competition,41,C,3,1,21
Competition,42,C,3,1,21
Competition,43,C,4,1,21
Competition,44,C,4,1,21
Competition,45,C,4,1,21
Competition,46,C,2,1,21
Competition,47,C,3,1,21
Competition,48,C,2,1,21
Competition,49,C,2,1,21
Competition,50,C,2,1,21
Competition,51,C,3,1,21
Competition,52,C,2,1,21
Competition,53,C,3,1,21
Competition,54,C,2,1,21
Competition,55,C,2,1,21
Competition,56,C,1,1,21
Competition,57,C,2,1,21
Competition,58,C,3,1,21
Competition,59,C,3,1,21
Competition,60,C,1,1,21
Competition,1,E,0,0,47
Competition,2,E,0,0,47
Competition,3,E,0,0,47
Competition,4,E,0,0,47
Competition,5,E,0,0,47
Competition,6,E,1,1,47
Competition,7,E,1,1,47
Competition,8,E,3,1,47
Competition,9,E,3,1,47
Competition,10,E,1,1,47
Competition,11,E,1,1,47
Competition,12,E,1,1,47
Competition,13,E,0,0,47
Competition,14,E,1,1,47
Competition,15,E,1,1,47
Competition,16,E,0,0,47
Competition,17,E,0,0,47
Competition,18,E,1,1,47
Competition,19,E,1,1,47
Competition,20,E,2,1,47
Competition,21,E,2,1,47
Competition,22,E,2,1,47
Competition,23,E,2,1,47
Competition,24,E,2,1,47
Competition,25,E,2,1,47
Competition,26,E,3,1,47
Competition,27,E,4,1,47
Competition,28,E,4,1,47
Competition,29,E,3,1,47
Competition,30,E,2,1,47
Competition,31,E,2,1,47
Competition,32,E,3,1,47
Competition,33,E,3,1,47
Competition,34,E,3,1,47
Competition,35,E,4,1,47
Competition,36,E,3,1,47
Competition,37,E,3,1,47
Competition,38,E,4,1,47
Competition,39,E,6,1,47
Competition,40,E,6,1,47
Competition,41,E,6,1,47
Competition,42,E,4,1,47
Competition,43,E,2,1,47
Competition,44,E,3,1,47
Competition,45,E,4,1,47
Competition,46,E,4,1,47
Competition,47,E,3,1,47
Competition,48,E,3,1,47
Competition,49,E,5,1,47
Competition,50,E,5,1,47
Competition,51,E,5,1,47
Competition,52,E,5,1,47
Competition,53,E,6,1,47
Competition,54,E,6,1,47
Competition,55,E,6,1,47
Competition,56,E,6,1,47
Competition,57,E,6,1,47
Competition,58,E,5,1,47
Competition,59,E,4,1,47
Competition,60,E,3,1,47
Competition,1,G,0,0,19
Competition,2,G,0,0,19
Competition,3,G,0,0,19
Competition,4,G,1,1,19
Competition,5,G,1,1,19
Competition,6,G,1,1,19
Competition,7,G,1,1,19
Competition,8,G,1,1,19
Competition,9,G,1,1,19
Competition,10,G,0,0,19
Competition,11,G,1,1,19
Competition,12,G,1,1,19
Competition,13,G,1,1,19
Competition,14,G,1,1,19
Competition,15,G,1,1,19
Competition,16,G,1,1,19
Competition,17,G,1,1,19
Competition,18,G,1,1,19
Competition,19,G,1,1,19
Competition,20,G,1,1,19
Competition,21,G,1,1,19
Competition,22,G,1,1,19
Competition,23,G,1,1,19
Competition,24,G,1,1,19
Competition,25,G,1,1,19
Competition,26,G,0,0,19
Competition,27,G,0,0,19
Competition,28,G,0,0,19
Competition,29,G,1,1,19
Competition,30,G,1,1,19
Competition,31,G,1,1,19
Competition,32,G,1,1,19
Competition,33,G,1,1,19
Competition,34,G,2,1,19
Competition,35,G,2,1,19
Competition,36,G,2,1,19
Competition,37,G,2,1,19
Competition,38,G,2,1,19
Competition,39,G,2,1,19
Competition,40,G,1,1,19
Competition,41,G,1,1,19
Competition,42,G,1,1,19
Competition,43,G,1,1,19
Competition,44,G,1,1,19
Competition,45,G,1,1,19
Competition,46,G,1,1,19
Competition,47,G,1,1,19
Competition,48,G,1,1,19
Competition,49,G,1,1,19
Competition,50,G,1,1,19
Competition,51,G,1,1,19
Competition,52,G,0,0,19
Competition,53,G,0,0,19
Competition,54,G,0,0,19
Competition,55,G,0,0,19
Competition,56,G,0,0,19
Competition,57,G,0,0,19
Competition,58,G,0,0,19
Competition,59,G,0,0,19
Competition,60,G,0,0,19
Competition,1,I,0,0,34
Competition,2,I,0,0,34
Competition,3,I,0,0,34
Competition,4,I,0,0,34
Competition,5,I,0,0,34
Competition,6,I,0,0,34
Competition,7,I,0,0,34
Competition,8,I,0,0,34
Competition,9,I,0,0,34
Competition,10,I,0,0,34
Competition,11,I,0,0,34
Competition,12,I,0,0,34
Competition,13,I,0,0,34
Competition,14,I,0,0,34
Competition,15,I,0,0,34
Competition,16,I,0,0,34
Competition,17,I,0,0,34
Competition,18,I,0,0,34
Competition,19,I,0,0,34
Competition,20,I,0,0,34
Competition,21,I,0,0,34
Competition,22,I,0,0,34
Competition,23,I,0,0,34
Competition,24,I,0,0,34
Competition,25,I,0,0,34
Competition,26,I,0,0,34
Competition,27,I,0,0,34
Competition,28,I,0,0,34
Competition,29,I,0,0,34
Competition,30,I,0,0,34
Competition,31,I,0,0,34
Competition,32,I,0,0,34
Competition,33,I,0,0,34
Competition,34,I,0,0,34
Competition,35,I,0,0,34
Competition,36,I,0,0,34
Competition,37,I,0,0,34
Competition,38,I,0,0,34
Competition,39,I,0,0,34
Competition,40,I,0,0,34
Competition,41,I,0,0,34
Competition,42,I,0,0,34
Competition,43,I,0,0,34
Competition,44,I,0,0,34
Competition,45,I,0,0,34
Competition,46,I,0,0,34
Competition,47,I,0,0,34
Competition,48,I,0,0,34
Competition,49,I,0,0,34
Competition,50,I,0,0,34
Competition,51,I,0,0,34
Competition,52,I,0,0,34
Competition,53,I,0,0,34
Competition,54,I,0,0,34
Competition,55,I,0,0,34
Competition,56,I,0,0,34
Competition,57,I,0,0,34
Competition,58,I,0,0,34
Competition,59,I,0,0,34
Competition,60,I,0,0,34
Competition,1,K,0,0,37
Competition,2,K,0,0,37
Competition,3,K,0,0,37
Competition,4,K,0,0,37
Competition,5,K,0,0,37
Competition,6,K,0,0,37
Competition,7,K,0,0,37
Competition,8,K,0,0,37
Competition,9,K,0,0,37
Competition,10,K,0,0,37
Competition,11,K,0,0,37
Competition,12,K,0,0,37
Competition,13,K,0,0,37
Competition,14,K,0,0,37
Competition,15,K,0,0,37
Competition,16,K,0,0,37
Competition,17,K,0,0,37
Competition,18,K,0,0,37
Competition,19,K,0,0,37
Competition,20,K,0,0,37
Competition,21,K,0,0,37
Competition,22,K,0,0,37
Competition,23,K,0,0,37
Competition,24,K,0,0,37
Competition,25,K,0,0,37
Competition,26,K,0,0,37
Competition,27,K,0,0,37
Competition,28,K,0,0,37
Competition,29,K,0,0,37
Competition,30,K,0,0,37
Competition,31,K,0,0,37
Competition,32,K,0,0,37
Competition,33,K,0,0,37
Competition,34,K,0,0,37
Competition,35,K,0,0,37
Competition,36,K,0,0,37
Competition,37,K,0,0,37
Competition,38,K,0,0,37
Competition,39,K,0,0,37
Competition,40,K,0,0,37
Competition,41,K,0,0,37
Competition,42,K,0,0,37
Competition,43,K,0,0,37
Competition,44,K,0,0,37
Competition,45,K,0,0,37
Competition,46,K,0,0,37
Competition,47,K,0,0,37
Competition,48,K,0,0,37
Competition,49,K,0,0,37
Competition,50,K,0,0,37
Competition,51,K,0,0,37
Competition,52,K,0,0,37
Competition,53,K,0,0,37
Competition,54,K,0,0,37
Competition,55,K,0,0,37
Competition,56,K,0,0,37
Competition,57,K,0,0,37
Competition,58,K,0,0,37
Competition,59,K,0,0,37
Competition,60,K,0,0,37
Competition,1,M,0,0,42
Competition,2,M,0,0,42
Competition,3,M,0,0,42
Competition,4,M,0,0,42
Competition,5,M,0,0,42
Competition,6,M,0,0,42
Competition,7,M,0,0,42
Competition,8,M,0,0,42
Competition,9,M,0,0,42
Competition,10,M,0,0,42
Competition,11,M,0,0,42
Competition,12,M,0,0,42
Competition,13,M,0,0,42
Competition,14,M,0,0,42
Competition,15,M,0,0,42
Competition,16,M,0,0,42
Competition,17,M,0,0,42
Competition,18,M,0,0,42
Competition,19,M,0,0,42
Competition,20,M,0,0,42
Competition,21,M,0,0,42
Competition,22,M,0,0,42
Competition,23,M,0,0,42
Competition,24,M,0,0,42
Competition,25,M,0,0,42
Competition,26,M,0,0,42
Competition,27,M,0,0,42
Competition,28,M,0,0,42
Competition,29,M,0,0,42
Competition,30,M,0,0,42
Competition,31,M,0,0,42
Competition,32,M,0,0,42
Competition,33,M,0,0,42
Competition,34,M,0,0,42
Competition,35,M,0,0,42
Competition,36,M,0,0,42
Competition,37,M,0,0,42
Competition,38,M,0,0,42
Competition,39,M,0,0,42
Competition,40,M,0,0,42
Competition,41,M,0,0,42
Competition,42,M,0,0,42
Competition,43,M,0,0,42
Competition,44,M,0,0,42
Competition,45,M,0,0,42
Competition,46,M,0,0,42
Competition,47,M,0,0,42
Competition,48,M,0,0,42
Competition,49,M,0,0,42
Competition,50,M,0,0,42
Competition,51,M,0,0,42
Competition,52,M,0,0,42
Competition,53,M,0,0,42
Competition,54,M,0,0,42
Competition,55,M,0,0,42
Competition,56,M,0,0,42
Competition,57,M,0,0,42
Competition,58,M,0,0,42
Competition,59,M,0,0,42
Competition,60,M,0,0,42
Competition,1,O,0,0,62
Competition,2,O,0,0,62
Competition,3,O,0,0,62
Competition,4,O,0,0,62
Competition,5,O,0,0,62
Competition,6,O,0,0,62
Competition,7,O,0,0,62
Competition,8,O,0,0,62
Competition,9,O,0,0,62
Competition,10,O,0,0,62
Competition,11,O,0,0,62
Competition,12,O,0,0,62
Competition,13,O,0,0,62
Competition,14,O,0,0,62
Competition,15,O,0,0,62
Competition,16,O,0,0,62
Competition,17,O,0,0,62
Competition,18,O,0,0,62
Competition,19,O,0,0,62
Competition,20,O,0,0,62
Competition,21,O,0,0,62
Competition,22,O,0,0,62
Competition,23,O,0,0,62
Competition,24,O,0,0,62
Competition,25,O,0,0,62
Competition,26,O,0,0,62
Competition,27,O,0,0,62
Competition,28,O,0,0,62
Competition,29,O,0,0,62
Competition,30,O,0,0,62
Competition,31,O,0,0,62
Competition,32,O,0,0,62
Competition,33,O,0,0,62
Competition,34,O,0,0,62
Competition,35,O,0,0,62
Competition,36,O,0,0,62
Competition,37,O,0,0,62
Competition,38,O,0,0,62
Competition,39,O,0,0,62
Competition,40,O,0,0,62
Competition,41,O,0,0,62
Competition,42,O,0,0,62
Competition,43,O,0,0,62
Competition,44,O,0,0,62
Competition,45,O,0,0,62
Competition,46,O,0,0,62
Competition,47,O,0,0,62
Competition,48,O,0,0,62
Competition,49,O,0,0,62
Competition,50,O,0,0,62
Competition,51,O,0,0,62
Competition,52,O,0,0,62
Competition,53,O,1,1,62
Competition,54,O,1,1,62
Competition,55,O,1,1,62
Competition,56,O,1,1,62
Competition,57,O,1,1,62
Competition,58,O,0,0,62
Competition,59,O,0,0,62
Competition,60,O,0,0,62
Competition,1,Q,0,0,121
Competition,2,Q,0,0,121
Competition,3,Q,0,0,121
Competition,4,Q,0,0,121
Competition,5,Q,0,0,121
Competition,6,Q,0,0,121
Competition,7,Q,0,0,121
Competition,8,Q,0,0,121
Competition,9,Q,0,0,121
Competition,10,Q,0,0,121
Competition,11,Q,0,0,121
Competition,12,Q,0,0,121
Competition,13,Q,0,0,121
Competition,14,Q,0,0,121
Competition,15,Q,0,0,121
Competition,16,Q,0,0,121
Competition,17,Q,0,0,121
Competition,18,Q,0,0,121
Competition,19,Q,0,0,121
Competition,20,Q,0,0,121
Competition,21,Q,0,0,121
Competition,22,Q,0,0,121
Competition,23,Q,1,1,121
Competition,24,Q,1,1,121
Competition,25,Q,1,1,121
Competition,26,Q,0,0,121
Competition,27,Q,0,0,121
Competition,28,Q,0,0,121
Competition,29,Q,1,1,121
Competition,30,Q,1,1,121
Competition,31,Q,1,1,121
Competition,32,Q,1,1,121
Competition,33,Q,1,1,121
Competition,34,Q,1,1,121
Competition,35,Q,1,1,121
Competition,36,Q,1,1,121
Competition,37,Q,2,1,121
Competition,38,Q,1,1,121
Competition,39,Q,1,1,121
Competition,40,Q,1,1,121
Competition,41,Q,0,0,121
Competition,42,Q,1,1,121
Competition,43,Q,1,1,121
Competition,44,Q,2,1,121
Competition,45,Q,2,1,121
Competition,46,Q,1,1,121
Competition,47,Q,1,1,121
Competition,48,Q,2,1,121
Competition,49,Q,1,1,121
Competition,50,Q,1,1,121
Competition,51,Q,2,1,121
Competition,52,Q,2,1,121
Competition,53,Q,2,1,121
Competition,54,Q,2,1,121
Competition,55,Q,2,1,121
Competition,56,Q,2,1,121
Competition,57,Q,2,1,121
Competition,58,Q,2,1,121
Competition,59,Q,2,1,121
Competition,60,Q,1,1,121
Competition,1,S,0,0,64
Competition,2,S,0,0,64
Competition,3,S,0,0,64
Competition,4,S,0,0,64
Competition,5,S,0,0,64
Competition,6,S,0,0,64
Competition,7,S,0,0,64
Competition,8,S,0,0,64
Competition,9,S,0,0,64
Competition,10,S,0,0,64
Competition,11,S,0,0,64
Competition,12,S,0,0,64
Competition,13,S,0,0,64
Competition,14,S,0,0,64
Competition,15,S,1,1,64
Competition,16,S,2,1,64
Competition,17,S,2,1,64
Competition,18,S,2,1,64
Competition,19,S,2,1,64
Competition,20,S,3,1,64
Competition,21,S,4,1,64
Competition,22,S,6,1,64
Competition,23,S,6,1,64
Competition,24,S,6,1,64
Competition,25,S,6,1,64
Competition,26,S,5,1,64
Competition,27,S,7,1,64
Competition,28,S,5,1,64
Competition,29,S,5,1,64
Competition,30,S,5,1,64
Competition,31,S,5,1,64
Competition,32,S,6,1,64
Competition,33,S,7,1,64
Competition,34,S,9,1,64
Competition,35,S,8,1,64
Competition,36,S,9,1,64
Competition,37,S,10,1,64
Competition,38,S,11,1,64
Competition,39,S,9,1,64
Competition,40,S,7,1,64
Competition,41,S,5,1,64
Competition,42,S,4,1,64
Competition,43,S,5,1,64
Competition,44,S,9,1,64
Competition,45,S,9,1,64
Competition,46,S,7,1,64
Competition,47,S,6,1,64
Competition,48,S,5,1,64
Competition,49,S,8,1,64
Competition,50,S,7,1,64
Competition,51,S,7,1,64
Competition,52,S,8,1,64
Competition,53,S,9,1,64
Competition,54,S,7,1,64
Competition,55,S,6,1,64
Competition,56,S,8,1,64
Competition,57,S,8,1,64
Competition,58,S,8,1,64
Competition,59,S,8,1,64
Competition,60,S,8,1,64
Competition,1,U,0,0,35
Competition,2,U,0,0,35
Competition,3,U,0,0,35
Competition,4,U,0,0,35
Competition,5,U,0,0,35
Competition,6,U,0,0,35
Competition,7,U,0,0,35
Competition,8,U,0,0,35
Competition,9,U,0,0,35
Competition,10,U,0,0,35
Competition,11,U,0,0,35
Competition,12,U,0,0,35
Competition,13,U,0,0,35
Competition,14,U,0,0,35
Competition,15,U,0,0,35
Competition,16,U,0,0,35
Competition,17,U,0,0,35
Competition,18,U,0,0,35
Competition,19,U,0,0,35
Competition,20,U,0,0,35
Competition,21,U,0,0,35
Competition,22,U,0,0,35
Competition,23,U,0,0,35
Competition,24,U,0,0,35
Competition,25,U,0,0,35
Competition,26,U,0,0,35
Competition,27,U,0,0,35
Competition,28,U,0,0,35
Competition,29,U,0,0,35
Competition,30,U,0,0,35
Competition,31,U,0,0,35
Competition,32,U,0,0,35
Competition,33,U,0,0,35
Competition,34,U,0,0,35
Competition,35,U,0,0,35
Competition,36,U,0,0,35
Competition,37,U,0,0,35
Competition,38,U,0,0,35
Competition,39,U,0,0,35
Competition,40,U,0,0,35
Competition,41,U,0,0,35
Competition,42,U,0,0,35
Competition,43,U,0,0,35
Competition,44,U,0,0,35
Competition,45,U,0,0,35
Competition,46,U,0,0,35
Competition,47,U,0,0,35
Competition,48,U,0,0,35
Competition,49,U,0,0,35
Competition,50,U,0,0,35
Competition,51,U,0,0,35
Competition,52,U,0,0,35
Competition,53,U,0,0,35
Competition,54,U,0,0,35
Competition,55,U,0,0,35
Competition,56,U,0,0,35
Competition,57,U,0,0,35
Competition,58,U,0,0,35
Competition,59,U,0,0,35
Competition,60,U,0,0,35
Competition,1,W,0,0,67
Competition,2,W,0,0,67
Competition,3,W,0,0,67
Competition,4,W,0,0,67
Competition,5,W,0,0,67
Competition,6,W,0,0,67
Competition,7,W,0,0,67
Competition,8,W,0,0,67
Competition,9,W,0,0,67
Competition,10,W,0,0,67
Competition,11,W,0,0,67
Competition,12,W,0,0,67
Competition,13,W,0,0,67
Competition,14,W,0,0,67
Competition,15,W,0,0,67
Competition,16,W,1,1,67
Competition,17,W,1,1,67
Competition,18,W,1,1,67
Competition,19,W,1,1,67
Competition,20,W,1,1,67
Competition,21,W,2,1,67
Competition,22,W,2,1,67
Competition,23,W,2,1,67
Competition,24,W,2,1,67
Competition,25,W,1,1,67
Competition,26,W,1,1,67
Competition,27,W,1,1,67
Competition,28,W,2,1,67
Competition,29,W,2,1,67
Competition,30,W,2,1,67
Competition,31,W,2,1,67
Competition,32,W,2,1,67
Competition,33,W,1,1,67
Competition,34,W,2,1,67
Competition,35,W,3,1,67
Competition,36,W,3,1,67
Competition,37,W,2,1,67
Competition,38,W,2,1,67
Competition,39,W,3,1,67
Competition,40,W,2,1,67
Competition,41,W,1,1,67
Competition,42,W,1,1,67
Competition,43,W,1,1,67
Competition,44,W,1,1,67
Competition,45,W,1,1,67
Competition,46,W,2,1,67
Competition,47,W,2,1,67
Competition,48,W,2,1,67
Competition,49,W,1,1,67
Competition,50,W,1,1,67
Competition,51,W,2,1,67
Competition,52,W,3,1,67
Competition,53,W,3,1,67
Competition,54,W,3,1,67
Competition,55,W,3,1,67
Competition,56,W,3,1,67
Competition,57,W,2,1,67
Competition,58,W,2,1,67
Competition,59,W,1,1,67
Competition,60,W,1,1,67
Competition,1,Y,0,0,151
Competition,2,Y,0,0,151
Competition,3,Y,0,0,151
Competition,4,Y,0,0,151
Competition,5,Y,0,0,151
Competition,6,Y,0,0,151
Competition,7,Y,0,0,151
Competition,8,Y,1,1,151
Competition,9,Y,0,0,151
Competition,10,Y,0,0,151
Competition,11,Y,0,0,151
Competition,12,Y,0,0,151
Competition,13,Y,0,0,151
Competition,14,Y,0,0,151
Competition,15,Y,1,1,151
Competition,16,Y,0,0,151
Competition,17,Y,0,0,151
Competition,18,Y,0,0,151
Competition,19,Y,1,1,151
Competition,20,Y,0,0,151
Competition,21,Y,0,0,151
Competition,22,Y,0,0,151
Competition,23,Y,1,1,151
Competition,24,Y,1,1,151
Competition,25,Y,0,0,151
Competition,26,Y,0,0,151
Competition,27,Y,0,0,151
Competition,28,Y,0,0,151
Competition,29,Y,0,0,151
Competition,30,Y,2,1,151
Competition,31,Y,1,1,151
Competition,32,Y,1,1,151
Competition,33,Y,1,1,151
Competition,34,Y,0,0,151
Competition,35,Y,0,0,151
Competition,36,Y,0,0,151
Competition,37,Y,2,1,151
Competition,38,Y,0,0,151
Competition,39,Y,0,0,151
Competition,40,Y,0,0,151
Competition,41,Y,1,1,151
Competition,42,Y,1,1,151
Competition,43,Y,1,1,151
Competition,44,Y,1,1,151
Competition,45,Y,2,1,151
Competition,46,Y,2,1,151
Competition,47,Y,1,1,151
Competition,48,Y,1,1,151
Competition,49,Y,2,1,151
Competition,50,Y,3,1,151
Competition,51,Y,2,1,151
Competition,52,Y,1,1,151
Competition,53,Y,3,1,151
Competition,54,Y,2,1,151
Competition,55,Y,2,1,151
Competition,56,Y,1,1,151
Competition,57,Y,2,1,151
Competition,58,Y,0,0,151
Competition,59,Y,0,0,151
Competition,60,Y,0,0,151
Competition,1,AA,0,0,58
Competition,2,AA,0,0,58
Competition,3,AA,2,1,58
Competition,4,AA,2,1,58
Competition,5,AA,2,1,58
Competition,6,AA,3,1,58
Competition,7,AA,4,1,58
Competition,8,AA,5,1,58
Competition,9,AA,4,1,58
Competition,10,AA,3,1,58
Competition,11,AA,4,1,58
Competition,12,AA,6,1,58
Competition,13,AA,6,1,58
Competition,14,AA,5,1,58
Competition,15,AA,4,1,58
Competition,16,AA,6,1,58
Competition,17,AA,5,1,58
Competition,18,AA,5,1,58
Competition,19,AA,6,1,58
Competition,20,AA,7,1,58
Competition,21,AA,6,1,58
Competition,22,AA,6,1,58
Competition,23,AA,7,1,58
Competition,24,AA,6,1,58
Competition,25,AA,5,1,58
Competition,26,AA,4,1,58
Competition,27,AA,6,1,58
Competition,28,AA,6,1,58
Competition,29,AA,6,1,58
Competition,30,AA,7,1,58
Competition,31,AA,8,1,58
Competition,32,AA,7,1,58
Competition,33,AA,8,1,58
Competition,34,AA,7,1,58
Competition,35,AA,7,1,58
Competition,36,AA,7,1,58
Competition,37,AA,6,1,58
Competition,38,AA,7,1,58
Competition,39,AA,7,1,58
Competition,40,AA,5,1,58
Competition,41,AA,5,1,58
Competition,42,AA,5,1,58
Competition,43,AA,5,1,58
Competition,44,AA,5,1,58
Competition,45,AA,5,1,58
Competition,46,AA,6,1,58
Competition,47,AA,6,1,58
Competition,48,AA,5,1,58
Competition,49,AA,4,1,58
Competition,50,AA,5,1,58
Competition,51,AA,6,1,58
Competition,52,AA,6,1,58
Competition,53,AA,8,1,58
Competition,54,AA,8,1,58
Competition,55,AA,8,1,58
Competition,56,AA,7,1,58
Competition,57,AA,7,1,58
Competition,58,AA,8,1,58
Competition,59,AA,8,1,58
Competition,60,AA,7,1,58
Competition,1,CC,0,0,12
Competition,2,CC,0,0,12
Competition,3,CC,0,0,12
Competition,4,CC,0,0,12
Competition,5,CC,0,0,12
Competition,6,CC,0,0,12
Competition,7,CC,0,0,12
Competition,8,CC,0,0,12
Competition,9,CC,0,0,12
Competition,10,CC,0,0,12
Competition,11,CC,0,0,12
Competition,12,CC,0,0,12
Competition,13,CC,0,0,12
Competition,14,CC,0,0,12
Competition,15,CC,0,0,12
Competition,16,CC,0,0,12
Competition,17,CC,0,0,12
Competition,18,CC,0,0,12
Competition,19,CC,0,0,12
Competition,20,CC,0,0,12
Competition,21,CC,0,0,12
Competition,22,CC,0,0,12
Competition,23,CC,0,0,12
Competition,24,CC,0,0,12
Competition,25,CC,0,0,12
Competition,26,CC,0,0,12
Competition,27,CC,0,0,12
Competition,28,CC,0,0,12
Competition,29,CC,0,0,12
Competition,30,CC,0,0,12
Competition,31,CC,0,0,12
Competition,32,CC,0,0,12
Competition,33,CC,0,0,12
Competition,34,CC,0,0,12
Competition,35,CC,0,0,12
Competition,36,CC,0,0,12
Competition,37,CC,0,0,12
Competition,38,CC,0,0,12
Competition,39,CC,0,0,12
Competition,40,CC,0,0,12
Competition,41,CC,0,0,12
Competition,42,CC,0,0,12
Competition,43,CC,0,0,12
Competition,44,CC,0,0,12
Competition,45,CC,0,0,12
Competition,46,CC,0,0,12
Competition,47,CC,0,0,12
Competition,48,CC,0,0,12
Competition,49,CC,0,0,12
Competition,50,CC,0,0,12
Competition,51,CC,0,0,12
Competition,52,CC,0,0,12
Competition,53,CC,0,0,12
Competition,54,CC,0,0,12
Competition,55,CC,0,0,12
Competition,56,CC,0,0,12
Competition,57,CC,0,0,12
Competition,58,CC,0,0,12
Competition,59,CC,0,0,12
Competition,60,CC,0,0,12
Competition,1,EE,0,0,11
Competition,2,EE,0,0,11
Competition,3,EE,0,0,11
Competition,4,EE,0,0,11
Competition,5,EE,0,0,11
Competition,6,EE,0,0,11
Competition,7,EE,0,0,11
Competition,8,EE,0,0,11
Competition,9,EE,0,0,11
Competition,10,EE,0,0,11
Competition,11,EE,0,0,11
Competition,12,EE,0,0,11
Competition,13,EE,0,0,11
Competition,14,EE,0,0,11
Competition,15,EE,0,0,11
Competition,16,EE,0,0,11
Competition,17,EE,0,0,11
Competition,18,EE,0,0,11
Competition,19,EE,0,0,11
Competition,20,EE,0,0,11
Competition,21,EE,0,0,11
Competition,22,EE,0,0,11
Competition,23,EE,0,0,11
Competition,24,EE,0,0,11
Competition,25,EE,0,0,11
Competition,26,EE,0,0,11
Competition,27,EE,0,0,11
Competition,28,EE,0,0,11
Competition,29,EE,0,0,11
Competition,30,EE,0,0,11
Competition,31,EE,0,0,11
Competition,32,EE,0,0,11
Competition,33,EE,0,0,11
Competition,34,EE,0,0,11
Competition,35,EE,0,0,11
Competition,36,EE,0,0,11
Competition,37,EE,0,0,11
Competition,38,EE,0,0,11
Competition,39,EE,0,0,11
Competition,40,EE,0,0,11
Competition,41,EE,0,0,11
Competition,42,EE,0,0,11
Competition,43,EE,0,0,11
Competition,44,EE,0,0,11
Competition,45,EE,0,0,11
Competition,46,EE,0,0,11
Competition,47,EE,0,0,11
Competition,48,EE,0,0,11
Competition,49,EE,0,0,11
Competition,50,EE,0,0,11
Competition,51,EE,0,0,11
Competition,52,EE,0,0,11
Competition,53,EE,0,0,11
Competition,54,EE,0,0,11
Competition,55,EE,0,0,11
Competition,56,EE,0,0,11
Competition,57,EE,0,0,11
Competition,58,EE,0,0,11
Competition,59,EE,0,0,11
Competition,60,EE,0,0,11
Competition,1,GG,0,0,161
Competition,2,GG,4,1,161
Competition,3,GG,4,1,161
Competition,4,GG,4,1,161
Competition,5,GG,6,1,161
Competition,6,GG,5,1,161
Competition,7,GG,7,1,161
Competition,8,GG,6,1,161
Competition,9,GG,6,1,161
Competition,10,GG,7,1,161
Competition,11,GG,7,1,161
Competition,12,GG,8,1,161
Competition,13,GG,8,1,161
Competition,14,GG,8,1,161
Competition,15,GG,6,1,161
Competition,16,GG,8,1,161
Competition,17,GG,8,1,161
Competition,18,GG,9,1,161
Competition,19,GG,9,1,161
Competition,20,GG,9,1,161
Competition,21,GG,9,1,161
Competition,22,GG,10,1,161
Competition,23,GG,12,1,161
Competition,24,GG,11,1,161
Competition,25,GG,9,1,161
Competition,26,GG,9,1,161
Competition,27,GG,10,1,161
Competition,28,GG,10,1,161
Competition,29,GG,12,1,161
Competition,30,GG,12,1,161
Competition,31,GG,12,1,161
Competition,32,GG,11,1,161
Competition,33,GG,13,1,161
Competition,34,GG,11,1,161
Competition,35,GG,13,1,161
Competition,36,GG,15,1,161
Competition,37,GG,14,1,161
Competition,38,GG,12,1,161
Competition,39,GG,15,1,161
Competition,40,GG,14,1,161
Competition,41,GG,15,1,161
Competition,42,GG,14,1,161
Competition,43,GG,13,1,161
Competition,44,GG,12,1,161
Competition,45,GG,11,1,161
Competition,46,GG,11,1,161
Competition,47,GG,10,1,161
Competition,48,GG,13,1,161
Competition,49,GG,12,1,161
Competition,50,GG,11,1,161
Competition,51,GG,12,1,161
Competition,52,GG,14,1,161
Competition,53,GG,13,1,161
Competition,54,GG,11,1,161
Competition,55,GG,12,1,161
Competition,56,GG,16,1,161
Competition,57,GG,14,1,161
Competition,58,GG,13,1,161
Competition,59,GG,12,1,161
Competition,60,GG,11,1,161
Competition,1,II,0,0,34
Competition,2,II,0,0,34
Competition,3,II,0,0,34
Competition,4,II,0,0,34
Competition,5,II,0,0,34
Competition,6,II,0,0,34
Competition,7,II,0,0,34
Competition,8,II,0,0,34
Competition,9,II,0,0,34
Competition,10,II,0,0,34
Competition,11,II,0,0,34
Competition,12,II,0,0,34
Competition,13,II,0,0,34
Competition,14,II,0,0,34
Competition,15,II,0,0,34
Competition,16,II,0,0,34
Competition,17,II,0,0,34
Competition,18,II,0,0,34
Competition,19,II,0,0,34
Competition,20,II,0,0,34
Competition,21,II,0,0,34
Competition,22,II,0,0,34
Competition,23,II,0,0,34
Competition,24,II,0,0,34
Competition,25,II,0,0,34
Competition,26,II,0,0,34
Competition,27,II,0,0,34
Competition,28,II,0,0,34
Competition,29,II,0,0,34
Competition,30,II,0,0,34
Competition,31,II,0,0,34
Competition,32,II,0,0,34
Competition,33,II,0,0,34
Competition,34,II,0,0,34
Competition,35,II,0,0,34
Competition,36,II,0,0,34
Competition,37,II,0,0,34
Competition,38,II,0,0,34
Competition,39,II,0,0,34
Competition,40,II,0,0,34
Competition,41,II,0,0,34
Competition,42,II,0,0,34
Competition,43,II,0,0,34
Competition,44,II,0,0,34
Competition,45,II,0,0,34
Competition,46,II,0,0,34
Competition,47,II,0,0,34
Competition,48,II,0,0,34
Competition,49,II,0,0,34
Competition,50,II,0,0,34
Competition,51,II,0,0,34
Competition,52,II,0,0,34
Competition,53,II,0,0,34
Competition,54,II,0,0,34
Competition,55,II,0,0,34
Competition,56,II,0,0,34
Competition,57,II,0,0,34
Competition,58,II,0,0,34
Competition,59,II,0,0,34
Competition,60,II,0,0,34
Competition,1,KK,0,0,41
Competition,2,KK,0,0,41
Competition,3,KK,0,0,41
Competition,4,KK,0,0,41
Competition,5,KK,0,0,41
Competition,6,KK,0,0,41
Competition,7,KK,0,0,41
Competition,8,KK,0,0,41
Competition,9,KK,0,0,41
Competition,10,KK,0,0,41
Competition,11,KK,0,0,41
Competition,12,KK,0,0,41
Competition,13,KK,0,0,41
Competition,14,KK,0,0,41
Competition,15,KK,0,0,41
Competition,16,KK,0,0,41
Competition,17,KK,1,1,41
Competition,18,KK,1,1,41
Competition,19,KK,0,0,41
Competition,20,KK,0,0,41
Competition,21,KK,0,0,41
Competition,22,KK,0,0,41
Competition,23,KK,0,0,41
Competition,24,KK,0,0,41
Competition,25,KK,0,0,41
Competition,26,KK,1,1,41
Competition,27,KK,2,1,41
Competition,28,KK,1,1,41
Competition,29,KK,1,1,41
Competition,30,KK,1,1,41
Competition,31,KK,1,1,41
Competition,32,KK,1,1,41
Competition,33,KK,2,1,41
Competition,34,KK,1,1,41
Competition,35,KK,1,1,41
Competition,36,KK,2,1,41
Competition,37,KK,0,0,41
Competition,38,KK,1,1,41
Competition,39,KK,1,1,41
Competition,40,KK,2,1,41
Competition,41,KK,1,1,41
Competition,42,KK,1,1,41
Competition,43,KK,1,1,41
Competition,44,KK,1,1,41
Competition,45,KK,0,0,41
Competition,46,KK,1,1,41
Competition,47,KK,2,1,41
Competition,48,KK,2,1,41
Competition,49,KK,3,1,41
Competition,50,KK,3,1,41
Competition,51,KK,2,1,41
Competition,52,KK,2,1,41
Competition,53,KK,3,1,41
Competition,54,KK,3,1,41
Competition,55,KK,2,1,41
Competition,56,KK,1,1,41
Competition,57,KK,1,1,41
Competition,58,KK,1,1,41
Competition,59,KK,1,1,41
Competition,60,KK,2,1,41
Competition,1,MM,0,0,46
Competition,2,MM,0,0,46
Competition,3,MM,0,0,46
Competition,4,MM,0,0,46
Competition,5,MM,0,0,46
Competition,6,MM,0,0,46
Competition,7,MM,0,0,46
Competition,8,MM,0,0,46
Competition,9,MM,0,0,46
Competition,10,MM,0,0,46
Competition,11,MM,0,0,46
Competition,12,MM,0,0,46
Competition,13,MM,0,0,46
Competition,14,MM,0,0,46
Competition,15,MM,0,0,46
Competition,16,MM,0,0,46
Competition,17,MM,0,0,46
Competition,18,MM,0,0,46
Competition,19,MM,0,0,46
Competition,20,MM,0,0,46
Competition,21,MM,0,0,46
Competition,22,MM,0,0,46
Competition,23,MM,0,0,46
Competition,24,MM,0,0,46
Competition,25,MM,0,0,46
Competition,26,MM,0,0,46
Competition,27,MM,0,0,46
Competition,28,MM,0,0,46
Competition,29,MM,0,0,46
Competition,30,MM,0,0,46
Competition,31,MM,0,0,46
Competition,32,MM,0,0,46
Competition,33,MM,0,0,46
Competition,34,MM,0,0,46
Competition,35,MM,0,0,46
Competition,36,MM,0,0,46
Competition,37,MM,0,0,46
Competition,38,MM,0,0,46
Competition,39,MM,0,0,46
Competition,40,MM,0,0,46
Competition,41,MM,0,0,46
Competition,42,MM,0,0,46
Competition,43,MM,0,0,46
Competition,44,MM,0,0,46
Competition,45,MM,0,0,46
Competition,46,MM,0,0,46
Competition,47,MM,0,0,46
Competition,48,MM,0,0,46
Competition,49,MM,0,0,46
Competition,50,MM,0,0,46
Competition,51,MM,0,0,46
Competition,52,MM,0,0,46
Competition,53,MM,0,0,46
Competition,54,MM,0,0,46
Competition,55,MM,0,0,46
Competition,56,MM,0,0,46
Competition,57,MM,0,0,46
Competition,58,MM,0,0,46
Competition,59,MM,0,0,46
Competition,60,MM,0,0,46
Competition,1,OO,0,0,43
Competition,2,OO,0,0,43
Competition,3,OO,0,0,43
Competition,4,OO,0,0,43
Competition,5,OO,0,0,43
Competition,6,OO,0,0,43
Competition,7,OO,0,0,43
Competition,8,OO,0,0,43
Competition,9,OO,0,0,43
Competition,10,OO,0,0,43
Competition,11,OO,0,0,43
Competition,12,OO,0,0,43
Competition,13,OO,0,0,43
Competition,14,OO,0,0,43
Competition,15,OO,0,0,43
Competition,16,OO,0,0,43
Competition,17,OO,0,0,43
Competition,18,OO,0,0,43
Competition,19,OO,0,0,43
Competition,20,OO,0,0,43
Competition,21,OO,0,0,43
Competition,22,OO,0,0,43
Competition,23,OO,0,0,43
Competition,24,OO,0,0,43
Competition,25,OO,0,0,43
Competition,26,OO,0,0,43
Competition,27,OO,0,0,43
Competition,28,OO,0,0,43
Competition,29,OO,0,0,43
Competition,30,OO,0,0,43
Competition,31,OO,0,0,43
Competition,32,OO,0,0,43
Competition,33,OO,0,0,43
Competition,34,OO,0,0,43
Competition,35,OO,0,0,43
Competition,36,OO,0,0,43
Competition,37,OO,0,0,43
Competition,38,OO,0,0,43
Competition,39,OO,0,0,43
Competition,40,OO,0,0,43
Competition,41,OO,0,0,43
Competition,42,OO,0,0,43
Competition,43,OO,0,0,43
Competition,44,OO,0,0,43
Competition,45,OO,0,0,43
Competition,46,OO,0,0,43
Competition,47,OO,0,0,43
Competition,48,OO,0,0,43
Competition,49,OO,0,0,43
Competition,50,OO,0,0,43
Competition,51,OO,0,0,43
Competition,52,OO,0,0,43
Competition,53,OO,0,0,43
Competition,54,OO,0,0,43
Competition,55,OO,0,0,43
Competition,56,OO,0,0,43
Competition,57,OO,0,0,43
Competition,58,OO,0,0,43
Competition,59,OO,0,0,43
Competition,60,OO,0,0,43
Competition,1,QQ,0,0,63
Competition,2,QQ,0,0,63
Competition,3,QQ,0,0,63
Competition,4,QQ,0,0,63
Competition,5,QQ,0,0,63
Competition,6,QQ,0,0,63
Competition,7,QQ,0,0,63
Competition,8,QQ,0,0,63
Competition,9,QQ,0,0,63
Competition,10,QQ,0,0,63
Competition,11,QQ,0,0,63
Competition,12,QQ,0,0,63
Competition,13,QQ,0,0,63
Competition,14,QQ,0,0,63
Competition,15,QQ,0,0,63
Competition,16,QQ,0,0,63
Competition,17,QQ,0,0,63
Competition,18,QQ,0,0,63
Competition,19,QQ,0,0,63
Competition,20,QQ,0,0,63
Competition,21,QQ,0,0,63
Competition,22,QQ,1,1,63
Competition,23,QQ,1,1,63
Competition,24,QQ,1,1,63
Competition,25,QQ,0,0,63
Competition,26,QQ,1,1,63
Competition,27,QQ,0,0,63
Competition,28,QQ,0,0,63
Competition,29,QQ,0,0,63
Competition,30,QQ,0,0,63
Competition,31,QQ,0,0,63
Competition,32,QQ,0,0,63
Competition,33,QQ,0,0,63
Competition,34,QQ,1,1,63
Competition,35,QQ,1,1,63
Competition,36,QQ,1,1,63
Competition,37,QQ,1,1,63
Competition,38,QQ,1,1,63
Competition,39,QQ,1,1,63
Competition,40,QQ,1,1,63
Competition,41,QQ,1,1,63
Competition,42,QQ,0,0,63
Competition,43,QQ,0,0,63
Competition,44,QQ,0,0,63
Competition,45,QQ,0,0,63
Competition,46,QQ,1,1,63
Competition,47,QQ,1,1,63
Competition,48,QQ,1,1,63
Competition,49,QQ,1,1,63
Competition,50,QQ,1,1,63
Competition,51,QQ,1,1,63
Competition,52,QQ,1,1,63
Competition,53,QQ,1,1,63
Competition,54,QQ,1,1,63
Competition,55,QQ,0,0,63
Competition,56,QQ,0,0,63
Competition,57,QQ,0,0,63
Competition,58,QQ,0,0,63
Competition,59,QQ,0,0,63
Competition,60,QQ,0,0,63
Competition,1,SS,0,0,36
Competition,2,SS,0,0,36
Competition,3,SS,0,0,36
Competition,4,SS,0,0,36
Competition,5,SS,0,0,36
Competition,6,SS,0,0,36
Competition,7,SS,0,0,36
Competition,8,SS,0,0,36
Competition,9,SS,0,0,36
Competition,10,SS,0,0,36
Competition,11,SS,0,0,36
Competition,12,SS,0,0,36
Competition,13,SS,0,0,36
Competition,14,SS,0,0,36
Competition,15,SS,0,0,36
Competition,16,SS,0,0,36
Competition,17,SS,0,0,36
Competition,18,SS,0,0,36
Competition,19,SS,0,0,36
Competition,20,SS,0,0,36
Competition,21,SS,0,0,36
Competition,22,SS,0,0,36
Competition,23,SS,0,0,36
Competition,24,SS,0,0,36
Competition,25,SS,0,0,36
Competition,26,SS,0,0,36
Competition,27,SS,0,0,36
Competition,28,SS,0,0,36
Competition,29,SS,0,0,36
Competition,30,SS,0,0,36
Competition,31,SS,0,0,36
Competition,32,SS,0,0,36
Competition,33,SS,0,0,36
Competition,34,SS,0,0,36
Competition,35,SS,0,0,36
Competition,36,SS,0,0,36
Competition,37,SS,0,0,36
Competition,38,SS,0,0,36
Competition,39,SS,0,0,36
Competition,40,SS,0,0,36
Competition,41,SS,0,0,36
Competition,42,SS,0,0,36
Competition,43,SS,0,0,36
Competition,44,SS,0,0,36
Competition,45,SS,0,0,36
Competition,46,SS,0,0,36
Competition,47,SS,0,0,36
Competition,48,SS,0,0,36
Competition,49,SS,0,0,36
Competition,50,SS,0,0,36
Competition,51,SS,0,0,36
Competition,52,SS,0,0,36
Competition,53,SS,0,0,36
Competition,54,SS,0,0,36
Competition,55,SS,0,0,36
Competition,56,SS,0,0,36
Competition,57,SS,0,0,36
Competition,58,SS,0,0,36
Competition,59,SS,0,0,36
Competition,60,SS,0,0,36
Competition,1,UU,0,0,25
Competition,2,UU,0,0,25
Competition,3,UU,0,0,25
Competition,4,UU,0,0,25
Competition,5,UU,0,0,25
Competition,6,UU,0,0,25
Competition,7,UU,0,0,25
Competition,8,UU,0,0,25
Competition,9,UU,0,0,25
Competition,10,UU,0,0,25
Competition,11,UU,0,0,25
Competition,12,UU,0,0,25
Competition,13,UU,0,0,25
Competition,14,UU,0,0,25
Competition,15,UU,0,0,25
Competition,16,UU,0,0,25
Competition,17,UU,0,0,25
Competition,18,UU,0,0,25
Competition,19,UU,0,0,25
Competition,20,UU,0,0,25
Competition,21,UU,0,0,25
Competition,22,UU,0,0,25
Competition,23,UU,0,0,25
Competition,24,UU,0,0,25
Competition,25,UU,0,0,25
Competition,26,UU,0,0,25
Competition,27,UU,0,0,25
Competition,28,UU,0,0,25
Competition,29,UU,0,0,25
Competition,30,UU,0,0,25
Competition,31,UU,0,0,25
Competition,32,UU,1,1,25
Competition,33,UU,1,1,25
Competition,34,UU,1,1,25
Competition,35,UU,1,1,25
Competition,36,UU,1,1,25
Competition,37,UU,1,1,25
Competition,38,UU,1,1,25
Competition,39,UU,1,1,25
Competition,40,UU,0,0,25
Competition,41,UU,1,1,25
Competition,42,UU,1,1,25
Competition,43,UU,1,1,25
Competition,44,UU,1,1,25
Competition,45,UU,1,1,25
Competition,46,UU,1,1,25
Competition,47,UU,1,1,25
Competition,48,UU,1,1,25
Competition,49,UU,1,1,25
Competition,50,UU,1,1,25
Competition,51,UU,1,1,25
Competition,52,UU,1,1,25
Competition,53,UU,0,0,25
Competition,54,UU,0,0,25
Competition,55,UU,0,0,25
Competition,56,UU,1,1,25
Competition,57,UU,1,1,25
Competition,58,UU,1,1,25
Competition,59,UU,0,0,25
Competition,60,UU,0,0,25
Competition,1,WW,0,0,110
Competition,2,WW,0,0,110
Competition,3,WW,0,0,110
Competition,4,WW,0,0,110
Competition,5,WW,0,0,110
Competition,6,WW,0,0,110
Competition,7,WW,0,0,110
Competition,8,WW,0,0,110
Competition,9,WW,0,0,110
Competition,10,WW,0,0,110
Competition,11,WW,0,0,110
Competition,12,WW,0,0,110
Competition,13,WW,0,0,110
Competition,14,WW,0,0,110
Competition,15,WW,1,1,110
Competition,16,WW,2,1,110
Competition,17,WW,1,1,110
Competition,18,WW,0,0,110
Competition,19,WW,3,1,110
Competition,20,WW,1,1,110
Competition,21,WW,0,0,110
Competition,22,WW,1,1,110
Competition,23,WW,2,1,110
Competition,24,WW,2,1,110
Competition,25,WW,1,1,110
Competition,26,WW,2,1,110
Competition,27,WW,3,1,110
Competition,28,WW,4,1,110
Competition,29,WW,2,1,110
Competition,30,WW,1,1,110
Competition,31,WW,3,1,110
Competition,32,WW,5,1,110
Competition,33,WW,5,1,110
Competition,34,WW,5,1,110
Competition,35,WW,4,1,110
Competition,36,WW,3,1,110
Competition,37,WW,3,1,110
Competition,38,WW,3,1,110
Competition,39,WW,4,1,110
Competition,40,WW,3,1,110
Competition,41,WW,2,1,110
Competition,42,WW,2,1,110
Competition,43,WW,3,1,110
Competition,44,WW,2,1,110
Competition,45,WW,2,1,110
Competition,46,WW,2,1,110
Competition,47,WW,2,1,110
Competition,48,WW,3,1,110
Competition,49,WW,2,1,110
Competition,50,WW,1,1,110
Competition,51,WW,2,1,110
Competition,52,WW,1,1,110
Competition,53,WW,2,1,110
Competition,54,WW,1,1,110
Competition,55,WW,1,1,110
Competition,56,WW,1,1,110
Competition,57,WW,1,1,110
Competition,58,WW,1,1,110
Competition,59,WW,1,1,110
Competition,60,WW,1,1,110
Competition,1,YY,0,0,38
Competition,2,YY,0,0,38
Competition,3,YY,0,0,38
Competition,4,YY,0,0,38
Competition,5,YY,0,0,38
Competition,6,YY,0,0,38
Competition,7,YY,0,0,38
Competition,8,YY,0,0,38
Competition,9,YY,0,0,38
Competition,10,YY,0,0,38
Competition,11,YY,1,1,38
Competition,12,YY,1,1,38
Competition,13,YY,1,1,38
Competition,14,YY,1,1,38
Competition,15,YY,1,1,38
Competition,16,YY,1,1,38
Competition,17,YY,1,1,38
Competition,18,YY,0,0,38
Competition,19,YY,1,1,38
Competition,20,YY,0,0,38
Competition,21,YY,1,1,38
Competition,22,YY,3,1,38
Competition,23,YY,1,1,38
Competition,24,YY,1,1,38
Competition,25,YY,1,1,38
Competition,26,YY,2,1,38
Competition,27,YY,5,1,38
Competition,28,YY,5,1,38
Competition,29,YY,3,1,38
Competition,30,YY,3,1,38
Competition,31,YY,2,1,38
Competition,32,YY,3,1,38
Competition,33,YY,3,1,38
Competition,34,YY,3,1,38
Competition,35,YY,3,1,38
Competition,36,YY,3,1,38
Competition,37,YY,3,1,38
Competition,38,YY,4,1,38
Competition,39,YY,4,1,38
Competition,40,YY,3,1,38
Competition,41,YY,5,1,38
Competition,42,YY,5,1,38
Competition,43,YY,5,1,38
Competition,44,YY,4,1,38
Competition,45,YY,5,1,38
Competition,46,YY,4,1,38
Competition,47,YY,4,1,38
Competition,48,YY,3,1,38
Competition,49,YY,3,1,38
Competition,50,YY,2,1,38
Competition,51,YY,3,1,38
Competition,52,YY,2,1,38
Competition,53,YY,3,1,38
Competition,54,YY,3,1,38
Competition,55,YY,4,1,38
Competition,56,YY,5,1,38
Competition,57,YY,4,1,38
Competition,58,YY,5,1,38
Competition,59,YY,5,1,38
Competition,60,YY,6,1,38
Competition,1,AAA,0,0,33
Competition,2,AAA,0,0,33
Competition,3,AAA,0,0,33
Competition,4,AAA,0,0,33
Competition,5,AAA,0,0,33
Competition,6,AAA,0,0,33
Competition,7,AAA,0,0,33
Competition,8,AAA,0,0,33
Competition,9,AAA,0,0,33
Competition,10,AAA,0,0,33
Competition,11,AAA,0,0,33
Competition,12,AAA,0,0,33
Competition,13,AAA,0,0,33
Competition,14,AAA,0,0,33
Competition,15,AAA,0,0,33
Competition,16,AAA,0,0,33
Competition,17,AAA,0,0,33
Competition,18,AAA,0,0,33
Competition,19,AAA,0,0,33
Competition,20,AAA,0,0,33
Competition,21,AAA,0,0,33
Competition,22,AAA,0,0,33
Competition,23,AAA,0,0,33
Competition,24,AAA,0,0,33
Competition,25,AAA,0,0,33
Competition,26,AAA,0,0,33
Competition,27,AAA,0,0,33
Competition,28,AAA,0,0,33
Competition,29,AAA,0,0,33
Competition,30,AAA,0,0,33
Competition,31,AAA,0,0,33
Competition,32,AAA,0,0,33
Competition,33,AAA,0,0,33
Competition,34,AAA,0,0,33
Competition,35,AAA,0,0,33
Competition,36,AAA,0,0,33
Competition,37,AAA,0,0,33
Competition,38,AAA,0,0,33
Competition,39,AAA,0,0,33
Competition,40,AAA,0,0,33
Competition,41,AAA,0,0,33
Competition,42,AAA,0,0,33
Competition,43,AAA,0,0,33
Competition,44,AAA,0,0,33
Competition,45,AAA,0,0,33
Competition,46,AAA,0,0,33
Competition,47,AAA,0,0,33
Competition,48,AAA,0,0,33
Competition,49,AAA,0,0,33
Competition,50,AAA,0,0,33
Competition,51,AAA,0,0,33
Competition,52,AAA,0,0,33
Competition,53,AAA,0,0,33
Competition,54,AAA,0,0,33
Competition,55,AAA,0,0,33
Competition,56,AAA,0,0,33
Competition,57,AAA,0,0,33
Competition,58,AAA,0,0,33
Competition,59,AAA,0,0,33
Competition,60,AAA,0,0,33
Competition,1,CCC,0,0,41
Competition,2,CCC,0,0,41
Competition,3,CCC,0,0,41
Competition,4,CCC,0,0,41
Competition,5,CCC,0,0,41
Competition,6,CCC,0,0,41
Competition,7,CCC,0,0,41
Competition,8,CCC,0,0,41
Competition,9,CCC,0,0,41
Competition,10,CCC,0,0,41
Competition,11,CCC,0,0,41
Competition,12,CCC,0,0,41
Competition,13,CCC,0,0,41
Competition,14,CCC,0,0,41
Competition,15,CCC,0,0,41
Competition,16,CCC,0,0,41
Competition,17,CCC,0,0,41
Competition,18,CCC,0,0,41
Competition,19,CCC,0,0,41
Competition,20,CCC,0,0,41
Competition,21,CCC,0,0,41
Competition,22,CCC,0,0,41
Competition,23,CCC,0,0,41
Competition,24,CCC,0,0,41
Competition,25,CCC,0,0,41
Competition,26,CCC,0,0,41
Competition,27,CCC,0,0,41
Competition,28,CCC,0,0,41
Competition,29,CCC,0,0,41
Competition,30,CCC,0,0,41
Competition,31,CCC,0,0,41
Competition,32,CCC,0,0,41
Competition,33,CCC,0,0,41
Competition,34,CCC,0,0,41
Competition,35,CCC,0,0,41
Competition,36,CCC,0,0,41
Competition,37,CCC,0,0,41
Competition,38,CCC,0,0,41
Competition,39,CCC,0,0,41
Competition,40,CCC,0,0,41
Competition,41,CCC,0,0,41
Competition,42,CCC,0,0,41
Competition,43,CCC,0,0,41
Competition,44,CCC,0,0,41
Competition,45,CCC,0,0,41
Competition,46,CCC,0,0,41
Competition,47,CCC,0,0,41
Competition,48,CCC,0,0,41
Competition,49,CCC,0,0,41
Competition,50,CCC,0,0,41
Competition,51,CCC,0,0,41
Competition,52,CCC,0,0,41
Competition,53,CCC,0,0,41
Competition,54,CCC,0,0,41
Competition,55,CCC,0,0,41
Competition,56,CCC,0,0,41
Competition,57,CCC,0,0,41
Competition,58,CCC,0,0,41
Competition,59,CCC,0,0,41
Competition,60,CCC,0,0,41
Competition,1,EEE,0,0,34
Competition,2,EEE,0,0,34
Competition,3,EEE,0,0,34
Competition,4,EEE,0,0,34
Competition,5,EEE,0,0,34
Competition,6,EEE,0,0,34
Competition,7,EEE,0,0,34
Competition,8,EEE,0,0,34
Competition,9,EEE,0,0,34
Competition,10,EEE,0,0,34
Competition,11,EEE,0,0,34
Competition,12,EEE,0,0,34
Competition,13,EEE,0,0,34
Competition,14,EEE,0,0,34
Competition,15,EEE,0,0,34
Competition,16,EEE,0,0,34
Competition,17,EEE,0,0,34
Competition,18,EEE,0,0,34
Competition,19,EEE,0,0,34
Competition,20,EEE,0,0,34
Competition,21,EEE,0,0,34
Competition,22,EEE,0,0,34
Competition,23,EEE,0,0,34
Competition,24,EEE,0,0,34
Competition,25,EEE,0,0,34
Competition,26,EEE,0,0,34
Competition,27,EEE,0,0,34
Competition,28,EEE,0,0,34
Competition,29,EEE,0,0,34
Competition,30,EEE,0,0,34
Competition,31,EEE,0,0,34
Competition,32,EEE,0,0,34
Competition,33,EEE,0,0,34
Competition,34,EEE,0,0,34
Competition,35,EEE,0,0,34
Competition,36,EEE,0,0,34
Competition,37,EEE,0,0,34
Competition,38,EEE,0,0,34
Competition,39,EEE,0,0,34
Competition,40,EEE,0,0,34
Competition,41,EEE,0,0,34
Competition,42,EEE,0,0,34
Competition,43,EEE,0,0,34
Competition,44,EEE,0,0,34
Competition,45,EEE,0,0,34
Competition,46,EEE,0,0,34
Competition,47,EEE,0,0,34
Competition,48,EEE,0,0,34
Competition,49,EEE,0,0,34
Competition,50,EEE,0,0,34
Competition,51,EEE,0,0,34
Competition,52,EEE,0,0,34
Competition,53,EEE,0,0,34
Competition,54,EEE,0,0,34
Competition,55,EEE,0,0,34
Competition,56,EEE,0,0,34
Competition,57,EEE,0,0,34
Competition,58,EEE,0,0,34
Competition,59,EEE,0,0,34
Competition,60,EEE,0,0,34
Competition,1,GGG,1,1,51
Competition,2,GGG,4,1,51
Competition,3,GGG,6,1,51
Competition,4,GGG,3,1,51
Competition,5,GGG,2,1,51
Competition,6,GGG,2,1,51
Competition,7,GGG,5,1,51
Competition,8,GGG,6,1,51
Competition,9,GGG,3,1,51
Competition,10,GGG,1,1,51
Competition,11,GGG,3,1,51
Competition,12,GGG,4,1,51
Competition,13,GGG,5,1,51
Competition,14,GGG,5,1,51
Competition,15,GGG,4,1,51
Competition,16,GGG,4,1,51
Competition,17,GGG,5,1,51
Competition,18,GGG,6,1,51
Competition,19,GGG,4,1,51
Competition,20,GGG,6,1,51
Competition,21,GGG,8,1,51
Competition,22,GGG,8,1,51
Competition,23,GGG,3,1,51
Competition,24,GGG,5,1,51
Competition,25,GGG,3,1,51
Competition,26,GGG,4,1,51
Competition,27,GGG,5,1,51
Competition,28,GGG,4,1,51
Competition,29,GGG,5,1,51
Competition,30,GGG,5,1,51
Competition,31,GGG,3,1,51
Competition,32,GGG,4,1,51
Competition,33,GGG,3,1,51
Competition,34,GGG,5,1,51
Competition,35,GGG,6,1,51
Competition,36,GGG,5,1,51
Competition,37,GGG,4,1,51
Competition,38,GGG,3,1,51
Competition,39,GGG,4,1,51
Competition,40,GGG,5,1,51
Competition,41,GGG,4,1,51
Competition,42,GGG,3,1,51
Competition,43,GGG,2,1,51
Competition,44,GGG,4,1,51
Competition,45,GGG,4,1,51
Competition,46,GGG,3,1,51
Competition,47,GGG,5,1,51
Competition,48,GGG,5,1,51
Competition,49,GGG,4,1,51
Competition,50,GGG,5,1,51
Competition,51,GGG,5,1,51
Competition,52,GGG,5,1,51
Competition,53,GGG,5,1,51
Competition,54,GGG,4,1,51
Competition,55,GGG,4,1,51
Competition,56,GGG,3,1,51
Competition,57,GGG,3,1,51
Competition,58,GGG,3,1,51
Competition,59,GGG,3,1,51
Competition,60,GGG,2,1,51